# C initSynchTables dump: F(x) and Ga(x)
# SYNCH_N_X=2000  SYNCH_X_MIN=1.0e-05  SYNCH_X_MAX=5.0e+01
# Columns: i  x  F(x)  Ga(x)
       i               x            F(x)           Ga(x)
       0    1.000000e-05    4.629204e-02    1.602416e+00
       1    1.007746e-05    4.641117e-02    1.602416e+00
       2    1.015552e-05    4.653061e-02    1.602416e+00
       3    1.023419e-05    4.665035e-02    1.602416e+00
       4    1.031347e-05    4.677039e-02    1.602416e+00
       5    1.039336e-05    4.689075e-02    1.602416e+00
       6    1.047386e-05    4.701142e-02    1.602416e+00
       7    1.055500e-05    4.713239e-02    1.602416e+00
       8    1.063676e-05    4.725368e-02    1.602416e+00
       9    1.071915e-05    4.737528e-02    1.602416e+00
      10    1.080218e-05    4.749719e-02    1.602416e+00
      11    1.088586e-05    4.761941e-02    1.602416e+00
      12    1.097018e-05    4.774195e-02    1.602416e+00
      13    1.105516e-05    4.786480e-02    1.602416e+00
      14    1.114080e-05    4.798797e-02    1.602416e+00
      15    1.122710e-05    4.811146e-02    1.602416e+00
      16    1.131406e-05    4.823526e-02    1.602416e+00
      17    1.140170e-05    4.835938e-02    1.602416e+00
      18    1.149002e-05    4.848382e-02    1.602416e+00
      19    1.157903e-05    4.860858e-02    1.602416e+00
      20    1.166872e-05    4.873366e-02    1.602416e+00
      21    1.175911e-05    4.885906e-02    1.602416e+00
      22    1.185020e-05    4.898478e-02    1.602416e+00
      23    1.194199e-05    4.911082e-02    1.602416e+00
      24    1.203449e-05    4.923719e-02    1.602416e+00
      25    1.212772e-05    4.936389e-02    1.602416e+00
      26    1.222166e-05    4.949091e-02    1.602416e+00
      27    1.231633e-05    4.961825e-02    1.602416e+00
      28    1.241174e-05    4.974592e-02    1.602416e+00
      29    1.250788e-05    4.987392e-02    1.602416e+00
      30    1.260477e-05    5.000225e-02    1.602416e+00
      31    1.270241e-05    5.013091e-02    1.602416e+00
      32    1.280080e-05    5.025990e-02    1.602416e+00
      33    1.289996e-05    5.038922e-02    1.602416e+00
      34    1.299988e-05    5.051887e-02    1.602416e+00
      35    1.310058e-05    5.064886e-02    1.602416e+00
      36    1.320206e-05    5.077918e-02    1.602416e+00
      37    1.330433e-05    5.090983e-02    1.602416e+00
      38    1.340739e-05    5.104082e-02    1.602416e+00
      39    1.351124e-05    5.117215e-02    1.602416e+00
      40    1.361590e-05    5.130381e-02    1.602416e+00
      41    1.372137e-05    5.143581e-02    1.602416e+00
      42    1.382766e-05    5.156815e-02    1.602416e+00
      43    1.393477e-05    5.170083e-02    1.602416e+00
      44    1.404271e-05    5.183385e-02    1.602416e+00
      45    1.415149e-05    5.196721e-02    1.602416e+00
      46    1.426111e-05    5.210092e-02    1.602416e+00
      47    1.437158e-05    5.223497e-02    1.602416e+00
      48    1.448291e-05    5.236936e-02    1.602416e+00
      49    1.459509e-05    5.250410e-02    1.602416e+00
      50    1.470815e-05    5.263918e-02    1.602416e+00
      51    1.482208e-05    5.277461e-02    1.602416e+00
      52    1.493690e-05    5.291039e-02    1.602416e+00
      53    1.505260e-05    5.304651e-02    1.602416e+00
      54    1.516920e-05    5.318299e-02    1.602416e+00
      55    1.528670e-05    5.331982e-02    1.602416e+00
      56    1.540512e-05    5.345699e-02    1.602416e+00
      57    1.552445e-05    5.359452e-02    1.602416e+00
      58    1.564470e-05    5.373241e-02    1.602416e+00
      59    1.576589e-05    5.387064e-02    1.602416e+00
      60    1.588801e-05    5.400924e-02    1.602416e+00
      61    1.601109e-05    5.414818e-02    1.602416e+00
      62    1.613511e-05    5.428749e-02    1.602416e+00
      63    1.626010e-05    5.442715e-02    1.602416e+00
      64    1.638605e-05    5.456717e-02    1.602416e+00
      65    1.651298e-05    5.470755e-02    1.602416e+00
      66    1.664089e-05    5.484829e-02    1.602416e+00
      67    1.676980e-05    5.498939e-02    1.602416e+00
      68    1.689970e-05    5.513086e-02    1.602416e+00
      69    1.703061e-05    5.527268e-02    1.602416e+00
      70    1.716253e-05    5.541487e-02    1.602416e+00
      71    1.729547e-05    5.555743e-02    1.602416e+00
      72    1.742945e-05    5.570035e-02    1.602416e+00
      73    1.756446e-05    5.584364e-02    1.602416e+00
      74    1.770051e-05    5.598729e-02    1.602416e+00
      75    1.783763e-05    5.613132e-02    1.602416e+00
      76    1.797580e-05    5.627571e-02    1.602416e+00
      77    1.811504e-05    5.642048e-02    1.602416e+00
      78    1.825537e-05    5.656562e-02    1.602416e+00
      79    1.839677e-05    5.671112e-02    1.602416e+00
      80    1.853928e-05    5.685701e-02    1.602416e+00
      81    1.868289e-05    5.700326e-02    1.602416e+00
      82    1.882761e-05    5.714990e-02    1.602416e+00
      83    1.897345e-05    5.729690e-02    1.602416e+00
      84    1.912042e-05    5.744429e-02    1.602416e+00
      85    1.926853e-05    5.759205e-02    1.602416e+00
      86    1.941779e-05    5.774020e-02    1.602416e+00
      87    1.956820e-05    5.788872e-02    1.602416e+00
      88    1.971978e-05    5.803763e-02    1.602416e+00
      89    1.987254e-05    5.818691e-02    1.602416e+00
      90    2.002647e-05    5.833658e-02    1.602416e+00
      91    2.018160e-05    5.848663e-02    1.602416e+00
      92    2.033793e-05    5.863707e-02    1.602416e+00
      93    2.049547e-05    5.878790e-02    1.602416e+00
      94    2.065423e-05    5.893911e-02    1.602416e+00
      95    2.081423e-05    5.909071e-02    1.602416e+00
      96    2.097546e-05    5.924270e-02    1.602416e+00
      97    2.113794e-05    5.939507e-02    1.602416e+00
      98    2.130167e-05    5.954784e-02    1.602416e+00
      99    2.146668e-05    5.970100e-02    1.602416e+00
     100    2.163297e-05    5.985456e-02    1.602416e+00
     101    2.180054e-05    6.000851e-02    1.602416e+00
     102    2.196941e-05    6.016285e-02    1.602416e+00
     103    2.213959e-05    6.031759e-02    1.602416e+00
     104    2.231109e-05    6.047272e-02    1.602416e+00
     105    2.248391e-05    6.062826e-02    1.602416e+00
     106    2.265808e-05    6.078419e-02    1.602416e+00
     107    2.283359e-05    6.094052e-02    1.602416e+00
     108    2.301046e-05    6.109726e-02    1.602416e+00
     109    2.318871e-05    6.125439e-02    1.602416e+00
     110    2.336833e-05    6.141193e-02    1.602416e+00
     111    2.354934e-05    6.156987e-02    1.602416e+00
     112    2.373176e-05    6.172822e-02    1.602416e+00
     113    2.391559e-05    6.188697e-02    1.602416e+00
     114    2.410085e-05    6.204613e-02    1.602416e+00
     115    2.428754e-05    6.220570e-02    1.602416e+00
     116    2.447567e-05    6.236568e-02    1.602416e+00
     117    2.466527e-05    6.252607e-02    1.602416e+00
     118    2.485633e-05    6.268687e-02    1.602416e+00
     119    2.504887e-05    6.284808e-02    1.602416e+00
     120    2.524290e-05    6.300971e-02    1.602416e+00
     121    2.543844e-05    6.317175e-02    1.602416e+00
     122    2.563549e-05    6.333420e-02    1.602416e+00
     123    2.583407e-05    6.349707e-02    1.602416e+00
     124    2.603418e-05    6.366036e-02    1.602416e+00
     125    2.623585e-05    6.382407e-02    1.602416e+00
     126    2.643907e-05    6.398820e-02    1.602416e+00
     127    2.664388e-05    6.415275e-02    1.602416e+00
     128    2.685026e-05    6.431772e-02    1.602416e+00
     129    2.705825e-05    6.448311e-02    1.602416e+00
     130    2.726785e-05    6.464893e-02    1.602416e+00
     131    2.747907e-05    6.481517e-02    1.602416e+00
     132    2.769193e-05    6.498184e-02    1.602416e+00
     133    2.790643e-05    6.514893e-02    1.602416e+00
     134    2.812260e-05    6.531646e-02    1.602416e+00
     135    2.834045e-05    6.548441e-02    1.602416e+00
     136    2.855998e-05    6.565280e-02    1.602416e+00
     137    2.878121e-05    6.582161e-02    1.602416e+00
     138    2.900415e-05    6.599086e-02    1.602416e+00
     139    2.922882e-05    6.616054e-02    1.602416e+00
     140    2.945523e-05    6.633066e-02    1.602416e+00
     141    2.968340e-05    6.650121e-02    1.602416e+00
     142    2.991333e-05    6.667220e-02    1.602416e+00
     143    3.014505e-05    6.684363e-02    1.602416e+00
     144    3.037856e-05    6.701550e-02    1.602416e+00
     145    3.061387e-05    6.718781e-02    1.602416e+00
     146    3.085101e-05    6.736056e-02    1.602416e+00
     147    3.108999e-05    6.753375e-02    1.602416e+00
     148    3.133082e-05    6.770739e-02    1.602416e+00
     149    3.157351e-05    6.788147e-02    1.602416e+00
     150    3.181809e-05    6.805600e-02    1.602416e+00
     151    3.206456e-05    6.823097e-02    1.602416e+00
     152    3.231294e-05    6.840639e-02    1.602416e+00
     153    3.256324e-05    6.858227e-02    1.602416e+00
     154    3.281548e-05    6.875859e-02    1.602416e+00
     155    3.306967e-05    6.893536e-02    1.602416e+00
     156    3.332584e-05    6.911259e-02    1.602416e+00
     157    3.358398e-05    6.929027e-02    1.602416e+00
     158    3.384413e-05    6.946841e-02    1.602416e+00
     159    3.410629e-05    6.964700e-02    1.602416e+00
     160    3.437049e-05    6.982605e-02    1.602416e+00
     161    3.463673e-05    7.000556e-02    1.602416e+00
     162    3.490503e-05    7.018553e-02    1.602416e+00
     163    3.517541e-05    7.036596e-02    1.602416e+00
     164    3.544789e-05    7.054685e-02    1.602416e+00
     165    3.572247e-05    7.072821e-02    1.602416e+00
     166    3.599918e-05    7.091003e-02    1.602416e+00
     167    3.627804e-05    7.109231e-02    1.602416e+00
     168    3.655906e-05    7.127507e-02    1.602416e+00
     169    3.684225e-05    7.145829e-02    1.602416e+00
     170    3.712764e-05    7.164198e-02    1.602416e+00
     171    3.741523e-05    7.182614e-02    1.602416e+00
     172    3.770506e-05    7.201077e-02    1.602416e+00
     173    3.799713e-05    7.219587e-02    1.602416e+00
     174    3.829146e-05    7.238145e-02    1.602416e+00
     175    3.858807e-05    7.256750e-02    1.602416e+00
     176    3.888698e-05    7.275403e-02    1.602416e+00
     177    3.918821e-05    7.294104e-02    1.602415e+00
     178    3.949177e-05    7.312853e-02    1.602415e+00
     179    3.979768e-05    7.331649e-02    1.602415e+00
     180    4.010596e-05    7.350494e-02    1.602415e+00
     181    4.041663e-05    7.369387e-02    1.602415e+00
     182    4.072970e-05    7.388329e-02    1.602415e+00
     183    4.104520e-05    7.407318e-02    1.602415e+00
     184    4.136314e-05    7.426357e-02    1.602415e+00
     185    4.168355e-05    7.445444e-02    1.602415e+00
     186    4.200644e-05    7.464580e-02    1.602415e+00
     187    4.233183e-05    7.483765e-02    1.602415e+00
     188    4.265974e-05    7.502999e-02    1.602415e+00
     189    4.299019e-05    7.522283e-02    1.602415e+00
     190    4.332320e-05    7.541615e-02    1.602415e+00
     191    4.365879e-05    7.560998e-02    1.602415e+00
     192    4.399698e-05    7.580429e-02    1.602415e+00
     193    4.433778e-05    7.599911e-02    1.602415e+00
     194    4.468123e-05    7.619442e-02    1.602415e+00
     195    4.502734e-05    7.639024e-02    1.602415e+00
     196    4.537613e-05    7.658655e-02    1.602415e+00
     197    4.572762e-05    7.678337e-02    1.602415e+00
     198    4.608184e-05    7.698069e-02    1.602415e+00
     199    4.643880e-05    7.717852e-02    1.602415e+00
     200    4.679852e-05    7.737685e-02    1.602415e+00
     201    4.716103e-05    7.757569e-02    1.602415e+00
     202    4.752635e-05    7.777503e-02    1.602415e+00
     203    4.789449e-05    7.797489e-02    1.602415e+00
     204    4.826549e-05    7.817526e-02    1.602415e+00
     205    4.863937e-05    7.837614e-02    1.602415e+00
     206    4.901614e-05    7.857754e-02    1.602415e+00
     207    4.939582e-05    7.877945e-02    1.602415e+00
     208    4.977845e-05    7.898188e-02    1.602415e+00
     209    5.016405e-05    7.918482e-02    1.602415e+00
     210    5.055263e-05    7.938828e-02    1.602415e+00
     211    5.094422e-05    7.959227e-02    1.602415e+00
     212    5.133884e-05    7.979677e-02    1.602415e+00
     213    5.173652e-05    8.000180e-02    1.602415e+00
     214    5.213728e-05    8.020736e-02    1.602415e+00
     215    5.254114e-05    8.041343e-02    1.602415e+00
     216    5.294814e-05    8.062004e-02    1.602415e+00
     217    5.335828e-05    8.082717e-02    1.602415e+00
     218    5.377161e-05    8.103484e-02    1.602415e+00
     219    5.418813e-05    8.124303e-02    1.602415e+00
     220    5.460788e-05    8.145176e-02    1.602415e+00
     221    5.503088e-05    8.166102e-02    1.602415e+00
     222    5.545716e-05    8.187082e-02    1.602415e+00
     223    5.588674e-05    8.208115e-02    1.602415e+00
     224    5.631965e-05    8.229202e-02    1.602415e+00
     225    5.675592e-05    8.250343e-02    1.602415e+00
     226    5.719556e-05    8.271537e-02    1.602415e+00
     227    5.763860e-05    8.292786e-02    1.602415e+00
     228    5.808508e-05    8.314090e-02    1.602415e+00
     229    5.853502e-05    8.335448e-02    1.602415e+00
     230    5.898844e-05    8.356860e-02    1.602415e+00
     231    5.944538e-05    8.378327e-02    1.602415e+00
     232    5.990585e-05    8.399849e-02    1.602415e+00
     233    6.036989e-05    8.421426e-02    1.602415e+00
     234    6.083753e-05    8.443058e-02    1.602415e+00
     235    6.130879e-05    8.464746e-02    1.602415e+00
     236    6.178370e-05    8.486488e-02    1.602415e+00
     237    6.226229e-05    8.508287e-02    1.602415e+00
     238    6.274458e-05    8.530141e-02    1.602415e+00
     239    6.323061e-05    8.552051e-02    1.602415e+00
     240    6.372041e-05    8.574016e-02    1.602415e+00
     241    6.421400e-05    8.596038e-02    1.602415e+00
     242    6.471141e-05    8.618117e-02    1.602415e+00
     243    6.521268e-05    8.640251e-02    1.602415e+00
     244    6.571783e-05    8.662442e-02    1.602415e+00
     245    6.622689e-05    8.684690e-02    1.602415e+00
     246    6.673989e-05    8.706995e-02    1.602415e+00
     247    6.725687e-05    8.729356e-02    1.602415e+00
     248    6.777786e-05    8.751775e-02    1.602415e+00
     249    6.830288e-05    8.774251e-02    1.602415e+00
     250    6.883196e-05    8.796784e-02    1.602415e+00
     251    6.936515e-05    8.819375e-02    1.602415e+00
     252    6.990246e-05    8.842024e-02    1.602415e+00
     253    7.044394e-05    8.864730e-02    1.602415e+00
     254    7.098961e-05    8.887494e-02    1.602415e+00
     255    7.153951e-05    8.910317e-02    1.602415e+00
     256    7.209367e-05    8.933198e-02    1.602415e+00
     257    7.265212e-05    8.956137e-02    1.602415e+00
     258    7.321489e-05    8.979134e-02    1.602415e+00
     259    7.378203e-05    9.002191e-02    1.602415e+00
     260    7.435356e-05    9.025306e-02    1.602415e+00
     261    7.492951e-05    9.048480e-02    1.602415e+00
     262    7.550993e-05    9.071714e-02    1.602415e+00
     263    7.609484e-05    9.095006e-02    1.602415e+00
     264    7.668429e-05    9.118358e-02    1.602415e+00
     265    7.727830e-05    9.141770e-02    1.602415e+00
     266    7.787691e-05    9.165242e-02    1.602415e+00
     267    7.848016e-05    9.188773e-02    1.602415e+00
     268    7.908808e-05    9.212364e-02    1.602415e+00
     269    7.970071e-05    9.236016e-02    1.602415e+00
     270    8.031809e-05    9.259728e-02    1.602415e+00
     271    8.094025e-05    9.283500e-02    1.602415e+00
     272    8.156722e-05    9.307333e-02    1.602415e+00
     273    8.219906e-05    9.331227e-02    1.602415e+00
     274    8.283579e-05    9.355182e-02    1.602415e+00
     275    8.347745e-05    9.379197e-02    1.602415e+00
     276    8.412408e-05    9.403275e-02    1.602415e+00
     277    8.477572e-05    9.427413e-02    1.602415e+00
     278    8.543241e-05    9.451613e-02    1.602415e+00
     279    8.609418e-05    9.475875e-02    1.602415e+00
     280    8.676108e-05    9.500199e-02    1.602415e+00
     281    8.743315e-05    9.524584e-02    1.602415e+00
     282    8.811042e-05    9.549032e-02    1.602415e+00
     283    8.879294e-05    9.573542e-02    1.602415e+00
     284    8.948075e-05    9.598115e-02    1.602415e+00
     285    9.017388e-05    9.622750e-02    1.602415e+00
     286    9.087239e-05    9.647448e-02    1.602415e+00
     287    9.157630e-05    9.672209e-02    1.602415e+00
     288    9.228567e-05    9.697033e-02    1.602415e+00
     289    9.300053e-05    9.721921e-02    1.602415e+00
     290    9.372093e-05    9.746871e-02    1.602415e+00
     291    9.444690e-05    9.771886e-02    1.602415e+00
     292    9.517851e-05    9.796964e-02    1.602415e+00
     293    9.591578e-05    9.822106e-02    1.602415e+00
     294    9.665876e-05    9.847312e-02    1.602415e+00
     295    9.740749e-05    9.872582e-02    1.602415e+00
     296    9.816203e-05    9.897917e-02    1.602415e+00
     297    9.892241e-05    9.923316e-02    1.602415e+00
     298    9.968868e-05    9.948780e-02    1.602415e+00
     299    1.004609e-04    9.974309e-02    1.602415e+00
     300    1.012391e-04    9.999903e-02    1.602415e+00
     301    1.020233e-04    1.002556e-01    1.602415e+00
     302    1.028136e-04    1.005129e-01    1.602415e+00
     303    1.036100e-04    1.007708e-01    1.602415e+00
     304    1.044126e-04    1.010293e-01    1.602415e+00
     305    1.052214e-04    1.012885e-01    1.602415e+00
     306    1.060364e-04    1.015484e-01    1.602415e+00
     307    1.068578e-04    1.018089e-01    1.602415e+00
     308    1.076856e-04    1.020701e-01    1.602415e+00
     309    1.085197e-04    1.023320e-01    1.602415e+00
     310    1.093603e-04    1.025945e-01    1.602415e+00
     311    1.102074e-04    1.028577e-01    1.602415e+00
     312    1.110611e-04    1.031216e-01    1.602415e+00
     313    1.119214e-04    1.033861e-01    1.602415e+00
     314    1.127884e-04    1.036514e-01    1.602415e+00
     315    1.136621e-04    1.039172e-01    1.602415e+00
     316    1.145425e-04    1.041838e-01    1.602415e+00
     317    1.154298e-04    1.044510e-01    1.602415e+00
     318    1.163239e-04    1.047190e-01    1.602415e+00
     319    1.172250e-04    1.049876e-01    1.602415e+00
     320    1.181330e-04    1.052569e-01    1.602415e+00
     321    1.190481e-04    1.055268e-01    1.602415e+00
     322    1.199703e-04    1.057975e-01    1.602415e+00
     323    1.208996e-04    1.060688e-01    1.602415e+00
     324    1.218361e-04    1.063409e-01    1.602415e+00
     325    1.227799e-04    1.066136e-01    1.602415e+00
     326    1.237310e-04    1.068870e-01    1.602415e+00
     327    1.246894e-04    1.071612e-01    1.602415e+00
     328    1.256553e-04    1.074360e-01    1.602415e+00
     329    1.266286e-04    1.077115e-01    1.602415e+00
     330    1.276095e-04    1.079877e-01    1.602415e+00
     331    1.285980e-04    1.082646e-01    1.602415e+00
     332    1.295941e-04    1.085422e-01    1.602415e+00
     333    1.305980e-04    1.088206e-01    1.602415e+00
     334    1.316096e-04    1.090996e-01    1.602415e+00
     335    1.326291e-04    1.093793e-01    1.602415e+00
     336    1.336565e-04    1.096598e-01    1.602415e+00
     337    1.346918e-04    1.099410e-01    1.602415e+00
     338    1.357351e-04    1.102228e-01    1.602415e+00
     339    1.367866e-04    1.105054e-01    1.602415e+00
     340    1.378461e-04    1.107888e-01    1.602415e+00
     341    1.389139e-04    1.110728e-01    1.602415e+00
     342    1.399900e-04    1.113575e-01    1.602415e+00
     343    1.410744e-04    1.116430e-01    1.602415e+00
     344    1.421671e-04    1.119292e-01    1.602415e+00
     345    1.432684e-04    1.122162e-01    1.602415e+00
     346    1.443782e-04    1.125038e-01    1.602415e+00
     347    1.454966e-04    1.127922e-01    1.602414e+00
     348    1.466236e-04    1.130813e-01    1.602414e+00
     349    1.477594e-04    1.133712e-01    1.602414e+00
     350    1.489039e-04    1.136618e-01    1.602414e+00
     351    1.500574e-04    1.139531e-01    1.602414e+00
     352    1.512198e-04    1.142452e-01    1.602414e+00
     353    1.523911e-04    1.145380e-01    1.602414e+00
     354    1.535716e-04    1.148316e-01    1.602414e+00
     355    1.547612e-04    1.151259e-01    1.602414e+00
     356    1.559600e-04    1.154209e-01    1.602414e+00
     357    1.571681e-04    1.157167e-01    1.602414e+00
     358    1.583855e-04    1.160132e-01    1.602414e+00
     359    1.596124e-04    1.163105e-01    1.602414e+00
     360    1.608488e-04    1.166086e-01    1.602414e+00
     361    1.620948e-04    1.169074e-01    1.602414e+00
     362    1.633504e-04    1.172070e-01    1.602414e+00
     363    1.646157e-04    1.175073e-01    1.602414e+00
     364    1.658909e-04    1.178084e-01    1.602414e+00
     365    1.671759e-04    1.181102e-01    1.602414e+00
     366    1.684709e-04    1.184128e-01    1.602414e+00
     367    1.697759e-04    1.187162e-01    1.602414e+00
     368    1.710910e-04    1.190204e-01    1.602414e+00
     369    1.724163e-04    1.193253e-01    1.602414e+00
     370    1.737518e-04    1.196310e-01    1.602414e+00
     371    1.750978e-04    1.199375e-01    1.602414e+00
     372    1.764541e-04    1.202447e-01    1.602414e+00
     373    1.778209e-04    1.205527e-01    1.602414e+00
     374    1.791984e-04    1.208615e-01    1.602414e+00
     375    1.805865e-04    1.211711e-01    1.602414e+00
     376    1.819853e-04    1.214815e-01    1.602414e+00
     377    1.833950e-04    1.217927e-01    1.602414e+00
     378    1.848156e-04    1.221046e-01    1.602414e+00
     379    1.862472e-04    1.224174e-01    1.602414e+00
     380    1.876900e-04    1.227309e-01    1.602414e+00
     381    1.891438e-04    1.230452e-01    1.602414e+00
     382    1.906090e-04    1.233603e-01    1.602414e+00
     383    1.920855e-04    1.236762e-01    1.602414e+00
     384    1.935734e-04    1.239930e-01    1.602414e+00
     385    1.950728e-04    1.243105e-01    1.602414e+00
     386    1.965839e-04    1.246288e-01    1.602414e+00
     387    1.981067e-04    1.249479e-01    1.602414e+00
     388    1.996413e-04    1.252679e-01    1.602414e+00
     389    2.011877e-04    1.255886e-01    1.602414e+00
     390    2.027462e-04    1.259102e-01    1.602414e+00
     391    2.043167e-04    1.262325e-01    1.602414e+00
     392    2.058993e-04    1.265557e-01    1.602413e+00
     393    2.074943e-04    1.268797e-01    1.602413e+00
     394    2.091016e-04    1.272045e-01    1.602413e+00
     395    2.107213e-04    1.275302e-01    1.602413e+00
     396    2.123536e-04    1.278567e-01    1.602413e+00
     397    2.139985e-04    1.281840e-01    1.602413e+00
     398    2.156562e-04    1.285121e-01    1.602413e+00
     399    2.173267e-04    1.288410e-01    1.602413e+00
     400    2.190101e-04    1.291708e-01    1.602413e+00
     401    2.207066e-04    1.295014e-01    1.602414e+00
     402    2.224163e-04    1.298329e-01    1.602414e+00
     403    2.241391e-04    1.301652e-01    1.602414e+00
     404    2.258754e-04    1.304983e-01    1.602414e+00
     405    2.276250e-04    1.308323e-01    1.602413e+00
     406    2.293883e-04    1.311671e-01    1.602413e+00
     407    2.311651e-04    1.315027e-01    1.602413e+00
     408    2.329558e-04    1.318392e-01    1.602413e+00
     409    2.347603e-04    1.321766e-01    1.602413e+00
     410    2.365788e-04    1.325148e-01    1.602413e+00
     411    2.384114e-04    1.328539e-01    1.602413e+00
     412    2.402582e-04    1.331938e-01    1.602413e+00
     413    2.421193e-04    1.335346e-01    1.602413e+00
     414    2.439947e-04    1.338762e-01    1.602413e+00
     415    2.458848e-04    1.342187e-01    1.602413e+00
     416    2.477894e-04    1.345621e-01    1.602413e+00
     417    2.497089e-04    1.349063e-01    1.602413e+00
     418    2.516432e-04    1.352514e-01    1.602413e+00
     419    2.535924e-04    1.355974e-01    1.602413e+00
     420    2.555568e-04    1.359442e-01    1.602413e+00
     421    2.575364e-04    1.362919e-01    1.602413e+00
     422    2.595313e-04    1.366405e-01    1.602413e+00
     423    2.615417e-04    1.369900e-01    1.602413e+00
     424    2.635676e-04    1.373403e-01    1.602413e+00
     425    2.656093e-04    1.376916e-01    1.602413e+00
     426    2.676667e-04    1.380437e-01    1.602413e+00
     427    2.697401e-04    1.383967e-01    1.602413e+00
     428    2.718296e-04    1.387506e-01    1.602413e+00
     429    2.739352e-04    1.391054e-01    1.602413e+00
     430    2.760572e-04    1.394611e-01    1.602413e+00
     431    2.781956e-04    1.398177e-01    1.602413e+00
     432    2.803505e-04    1.401751e-01    1.602413e+00
     433    2.825222e-04    1.405335e-01    1.602413e+00
     434    2.847106e-04    1.408928e-01    1.602412e+00
     435    2.869161e-04    1.412530e-01    1.602412e+00
     436    2.891386e-04    1.416141e-01    1.602412e+00
     437    2.913783e-04    1.419761e-01    1.602412e+00
     438    2.936353e-04    1.423390e-01    1.602412e+00
     439    2.959099e-04    1.427028e-01    1.602412e+00
     440    2.982021e-04    1.430676e-01    1.602412e+00
     441    3.005120e-04    1.434333e-01    1.602412e+00
     442    3.028398e-04    1.437998e-01    1.602412e+00
     443    3.051857e-04    1.441673e-01    1.602412e+00
     444    3.075497e-04    1.445358e-01    1.602412e+00
     445    3.099320e-04    1.449051e-01    1.602412e+00
     446    3.123328e-04    1.452754e-01    1.602412e+00
     447    3.147522e-04    1.456466e-01    1.602412e+00
     448    3.171903e-04    1.460188e-01    1.602412e+00
     449    3.196473e-04    1.463919e-01    1.602412e+00
     450    3.221234e-04    1.467659e-01    1.602412e+00
     451    3.246186e-04    1.471408e-01    1.602412e+00
     452    3.271332e-04    1.475168e-01    1.602412e+00
     453    3.296672e-04    1.478936e-01    1.602412e+00
     454    3.322209e-04    1.482714e-01    1.602412e+00
     455    3.347943e-04    1.486501e-01    1.602411e+00
     456    3.373877e-04    1.490298e-01    1.602411e+00
     457    3.400012e-04    1.494105e-01    1.602411e+00
     458    3.426349e-04    1.497921e-01    1.602411e+00
     459    3.452890e-04    1.501747e-01    1.602411e+00
     460    3.479636e-04    1.505582e-01    1.602411e+00
     461    3.506590e-04    1.509427e-01    1.602411e+00
     462    3.533753e-04    1.513281e-01    1.602411e+00
     463    3.561126e-04    1.517145e-01    1.602411e+00
     464    3.588711e-04    1.521019e-01    1.602411e+00
     465    3.616510e-04    1.524903e-01    1.602411e+00
     466    3.644524e-04    1.528796e-01    1.602411e+00
     467    3.672755e-04    1.532699e-01    1.602411e+00
     468    3.701205e-04    1.536612e-01    1.602411e+00
     469    3.729875e-04    1.540535e-01    1.602411e+00
     470    3.758768e-04    1.544468e-01    1.602411e+00
     471    3.787884e-04    1.548410e-01    1.602411e+00
     472    3.817225e-04    1.552362e-01    1.602411e+00
     473    3.846794e-04    1.556324e-01    1.602411e+00
     474    3.876592e-04    1.560297e-01    1.602411e+00
     475    3.906621e-04    1.564279e-01    1.602410e+00
     476    3.936882e-04    1.568271e-01    1.602410e+00
     477    3.967378e-04    1.572273e-01    1.602410e+00
     478    3.998110e-04    1.576285e-01    1.602410e+00
     479    4.029080e-04    1.580307e-01    1.602410e+00
     480    4.060290e-04    1.584339e-01    1.602410e+00
     481    4.091742e-04    1.588381e-01    1.602410e+00
     482    4.123437e-04    1.592434e-01    1.602410e+00
     483    4.155378e-04    1.596496e-01    1.602410e+00
     484    4.187567e-04    1.600569e-01    1.602410e+00
     485    4.220004e-04    1.604652e-01    1.602410e+00
     486    4.252693e-04    1.608745e-01    1.602410e+00
     487    4.285635e-04    1.612848e-01    1.602409e+00
     488    4.318833e-04    1.616962e-01    1.602409e+00
     489    4.352287e-04    1.621086e-01    1.602409e+00
     490    4.386001e-04    1.625220e-01    1.602409e+00
     491    4.419975e-04    1.629364e-01    1.602409e+00
     492    4.454213e-04    1.633519e-01    1.602409e+00
     493    4.488716e-04    1.637684e-01    1.602409e+00
     494    4.523487e-04    1.641860e-01    1.602409e+00
     495    4.558527e-04    1.646046e-01    1.602409e+00
     496    4.593838e-04    1.650242e-01    1.602409e+00
     497    4.629422e-04    1.654449e-01    1.602409e+00
     498    4.665283e-04    1.658667e-01    1.602409e+00
     499    4.701421e-04    1.662895e-01    1.602408e+00
     500    4.737839e-04    1.667134e-01    1.602408e+00
     501    4.774539e-04    1.671383e-01    1.602408e+00
     502    4.811524e-04    1.675642e-01    1.602408e+00
     503    4.848794e-04    1.679913e-01    1.602408e+00
     504    4.886354e-04    1.684194e-01    1.602408e+00
     505    4.924205e-04    1.688485e-01    1.602408e+00
     506    4.962348e-04    1.692788e-01    1.602408e+00
     507    5.000788e-04    1.697101e-01    1.602408e+00
     508    5.039525e-04    1.701425e-01    1.602408e+00
     509    5.078562e-04    1.705759e-01    1.602408e+00
     510    5.117901e-04    1.710105e-01    1.602407e+00
     511    5.157545e-04    1.714461e-01    1.602407e+00
     512    5.197497e-04    1.718828e-01    1.602407e+00
     513    5.237757e-04    1.723206e-01    1.602407e+00
     514    5.278330e-04    1.727595e-01    1.602407e+00
     515    5.319217e-04    1.731995e-01    1.602407e+00
     516    5.360421e-04    1.736405e-01    1.602407e+00
     517    5.401943e-04    1.740827e-01    1.602407e+00
     518    5.443788e-04    1.745260e-01    1.602407e+00
     519    5.485956e-04    1.749704e-01    1.602407e+00
     520    5.528451e-04    1.754158e-01    1.602406e+00
     521    5.571276e-04    1.758624e-01    1.602406e+00
     522    5.614432e-04    1.763101e-01    1.602406e+00
     523    5.657922e-04    1.767589e-01    1.602406e+00
     524    5.701750e-04    1.772089e-01    1.602406e+00
     525    5.745916e-04    1.776599e-01    1.602406e+00
     526    5.790425e-04    1.781121e-01    1.602406e+00
     527    5.835279e-04    1.785653e-01    1.602406e+00
     528    5.880480e-04    1.790197e-01    1.602406e+00
     529    5.926031e-04    1.794753e-01    1.602406e+00
     530    5.971936e-04    1.799319e-01    1.602406e+00
     531    6.018195e-04    1.803897e-01    1.602405e+00
     532    6.064813e-04    1.808487e-01    1.602399e+00
     533    6.111792e-04    1.813088e-01    1.602399e+00
     534    6.159135e-04    1.817700e-01    1.602399e+00
     535    6.206845e-04    1.822323e-01    1.602399e+00
     536    6.254925e-04    1.826958e-01    1.602399e+00
     537    6.303376e-04    1.831605e-01    1.602399e+00
     538    6.352203e-04    1.836263e-01    1.602398e+00
     539    6.401409e-04    1.840932e-01    1.602398e+00
     540    6.450995e-04    1.845614e-01    1.602398e+00
     541    6.500966e-04    1.850306e-01    1.602398e+00
     542    6.551323e-04    1.855011e-01    1.602398e+00
     543    6.602071e-04    1.859727e-01    1.602397e+00
     544    6.653212e-04    1.864454e-01    1.602397e+00
     545    6.704749e-04    1.869194e-01    1.602397e+00
     546    6.756685e-04    1.873945e-01    1.602397e+00
     547    6.809024e-04    1.878708e-01    1.602397e+00
     548    6.861768e-04    1.883482e-01    1.602396e+00
     549    6.914920e-04    1.888269e-01    1.602396e+00
     550    6.968484e-04    1.893067e-01    1.602396e+00
     551    7.022463e-04    1.897877e-01    1.602396e+00
     552    7.076861e-04    1.902699e-01    1.602396e+00
     553    7.131679e-04    1.907533e-01    1.602395e+00
     554    7.186923e-04    1.912379e-01    1.602395e+00
     555    7.242594e-04    1.917236e-01    1.602395e+00
     556    7.298696e-04    1.922106e-01    1.602395e+00
     557    7.355233e-04    1.926988e-01    1.602394e+00
     558    7.412208e-04    1.931882e-01    1.602394e+00
     559    7.469624e-04    1.936788e-01    1.602394e+00
     560    7.527485e-04    1.941706e-01    1.602394e+00
     561    7.585795e-04    1.946636e-01    1.602393e+00
     562    7.644556e-04    1.951578e-01    1.602393e+00
     563    7.703772e-04    1.956533e-01    1.602400e+00
     564    7.763447e-04    1.961499e-01    1.602393e+00
     565    7.823584e-04    1.966478e-01    1.602392e+00
     566    7.884187e-04    1.971469e-01    1.602392e+00
     567    7.945259e-04    1.976473e-01    1.602392e+00
     568    8.006804e-04    1.981488e-01    1.602392e+00
     569    8.068826e-04    1.986516e-01    1.602391e+00
     570    8.131329e-04    1.991557e-01    1.602391e+00
     571    8.194316e-04    1.996610e-01    1.602391e+00
     572    8.257790e-04    2.001675e-01    1.602391e+00
     573    8.321757e-04    2.006753e-01    1.602390e+00
     574    8.386219e-04    2.011843e-01    1.602390e+00
     575    8.451180e-04    2.016946e-01    1.602390e+00
     576    8.516644e-04    2.022061e-01    1.602389e+00
     577    8.582615e-04    2.027189e-01    1.602389e+00
     578    8.649098e-04    2.032329e-01    1.602389e+00
     579    8.716095e-04    2.037482e-01    1.602388e+00
     580    8.783612e-04    2.042648e-01    1.602388e+00
     581    8.851651e-04    2.047826e-01    1.602388e+00
     582    8.920218e-04    2.053017e-01    1.602387e+00
     583    8.989315e-04    2.058221e-01    1.602387e+00
     584    9.058948e-04    2.063437e-01    1.602387e+00
     585    9.129121e-04    2.068666e-01    1.602386e+00
     586    9.199836e-04    2.073908e-01    1.602386e+00
     587    9.271100e-04    2.079163e-01    1.602386e+00
     588    9.342916e-04    2.084431e-01    1.602385e+00
     589    9.415287e-04    2.089712e-01    1.602385e+00
     590    9.488220e-04    2.095005e-01    1.602385e+00
     591    9.561717e-04    2.100312e-01    1.602384e+00
     592    9.635784e-04    2.105631e-01    1.602384e+00
     593    9.710425e-04    2.110964e-01    1.602383e+00
     594    9.785643e-04    2.116310e-01    1.602383e+00
     595    9.861445e-04    2.121668e-01    1.602383e+00
     596    9.937833e-04    2.127040e-01    1.602382e+00
     597    1.001481e-03    2.132425e-01    1.602382e+00
     598    1.009239e-03    2.137823e-01    1.602381e+00
     599    1.017057e-03    2.143234e-01    1.602381e+00
     600    1.024935e-03    2.148658e-01    1.602381e+00
     601    1.032874e-03    2.154096e-01    1.602380e+00
     602    1.040875e-03    2.159547e-01    1.602391e+00
     603    1.048938e-03    2.165011e-01    1.602390e+00
     604    1.057063e-03    2.170488e-01    1.602390e+00
     605    1.065251e-03    2.175979e-01    1.602390e+00
     606    1.073503e-03    2.181483e-01    1.602389e+00
     607    1.081819e-03    2.187001e-01    1.602389e+00
     608    1.090199e-03    2.192532e-01    1.602388e+00
     609    1.098644e-03    2.198076e-01    1.602388e+00
     610    1.107154e-03    2.203634e-01    1.602388e+00
     611    1.115730e-03    2.209205e-01    1.602387e+00
     612    1.124373e-03    2.214790e-01    1.602387e+00
     613    1.133082e-03    2.220389e-01    1.602386e+00
     614    1.141859e-03    2.226001e-01    1.602386e+00
     615    1.150704e-03    2.231627e-01    1.602386e+00
     616    1.159618e-03    2.237267e-01    1.602385e+00
     617    1.168601e-03    2.242920e-01    1.602385e+00
     618    1.177653e-03    2.248587e-01    1.602385e+00
     619    1.186775e-03    2.254267e-01    1.602384e+00
     620    1.195968e-03    2.259962e-01    1.602384e+00
     621    1.205232e-03    2.265670e-01    1.602384e+00
     622    1.214568e-03    2.271392e-01    1.602383e+00
     623    1.223976e-03    2.277128e-01    1.602383e+00
     624    1.233458e-03    2.282877e-01    1.602382e+00
     625    1.243012e-03    2.288641e-01    1.602382e+00
     626    1.252641e-03    2.294419e-01    1.602381e+00
     627    1.262344e-03    2.300210e-01    1.602381e+00
     628    1.272122e-03    2.306016e-01    1.602381e+00
     629    1.281976e-03    2.311836e-01    1.602380e+00
     630    1.291907e-03    2.317669e-01    1.602380e+00
     631    1.301914e-03    2.323517e-01    1.602379e+00
     632    1.311999e-03    2.329379e-01    1.602379e+00
     633    1.322162e-03    2.335255e-01    1.602378e+00
     634    1.332404e-03    2.341146e-01    1.602378e+00
     635    1.342725e-03    2.347050e-01    1.602377e+00
     636    1.353126e-03    2.352969e-01    1.602377e+00
     637    1.363607e-03    2.358902e-01    1.602376e+00
     638    1.374170e-03    2.364849e-01    1.602376e+00
     639    1.384815e-03    2.370811e-01    1.602375e+00
     640    1.395542e-03    2.376787e-01    1.602375e+00
     641    1.406352e-03    2.382777e-01    1.602374e+00
     642    1.417246e-03    2.388782e-01    1.602374e+00
     643    1.428224e-03    2.394801e-01    1.602373e+00
     644    1.439287e-03    2.400835e-01    1.602373e+00
     645    1.450436e-03    2.406883e-01    1.602372e+00
     646    1.461671e-03    2.412946e-01    1.602372e+00
     647    1.472994e-03    2.419023e-01    1.602371e+00
     648    1.484404e-03    2.425115e-01    1.602371e+00
     649    1.495902e-03    2.431221e-01    1.602370e+00
     650    1.507490e-03    2.437342e-01    1.602370e+00
     651    1.519167e-03    2.443478e-01    1.602369e+00
     652    1.530935e-03    2.449629e-01    1.602368e+00
     653    1.542794e-03    2.455794e-01    1.602368e+00
     654    1.554744e-03    2.461974e-01    1.602367e+00
     655    1.566788e-03    2.468169e-01    1.602367e+00
     656    1.578924e-03    2.474379e-01    1.602366e+00
     657    1.591155e-03    2.480603e-01    1.602366e+00
     658    1.603480e-03    2.486842e-01    1.602365e+00
     659    1.615901e-03    2.493097e-01    1.602364e+00
     660    1.628418e-03    2.499366e-01    1.602364e+00
     661    1.641032e-03    2.505650e-01    1.602363e+00
     662    1.653744e-03    2.511949e-01    1.602363e+00
     663    1.666554e-03    2.518264e-01    1.602362e+00
     664    1.679464e-03    2.524593e-01    1.602361e+00
     665    1.692473e-03    2.530937e-01    1.602361e+00
     666    1.705583e-03    2.537297e-01    1.602360e+00
     667    1.718795e-03    2.543672e-01    1.602359e+00
     668    1.732109e-03    2.550061e-01    1.602358e+00
     669    1.745526e-03    2.556466e-01    1.602358e+00
     670    1.759048e-03    2.562887e-01    1.602357e+00
     671    1.772673e-03    2.569322e-01    1.602356e+00
     672    1.786405e-03    2.575773e-01    1.602355e+00
     673    1.800243e-03    2.582239e-01    1.602355e+00
     674    1.814188e-03    2.588721e-01    1.602354e+00
     675    1.828241e-03    2.595218e-01    1.602353e+00
     676    1.842403e-03    2.601730e-01    1.602353e+00
     677    1.856674e-03    2.608258e-01    1.602352e+00
     678    1.871056e-03    2.614801e-01    1.602351e+00
     679    1.885550e-03    2.621360e-01    1.602350e+00
     680    1.900156e-03    2.627934e-01    1.602349e+00
     681    1.914875e-03    2.634524e-01    1.602349e+00
     682    1.929708e-03    2.641130e-01    1.602348e+00
     683    1.944656e-03    2.647751e-01    1.602348e+00
     684    1.959719e-03    2.654387e-01    1.602347e+00
     685    1.974899e-03    2.661040e-01    1.602345e+00
     686    1.990197e-03    2.667708e-01    1.602344e+00
     687    2.005614e-03    2.674392e-01    1.602343e+00
     688    2.021150e-03    2.681091e-01    1.602343e+00
     689    2.036806e-03    2.687807e-01    1.602342e+00
     690    2.052583e-03    2.694538e-01    1.602341e+00
     691    2.068483e-03    2.701285e-01    1.602340e+00
     692    2.084506e-03    2.708048e-01    1.602340e+00
     693    2.100653e-03    2.714827e-01    1.602338e+00
     694    2.116925e-03    2.721622e-01    1.602338e+00
     695    2.133323e-03    2.728433e-01    1.602337e+00
     696    2.149848e-03    2.735259e-01    1.602336e+00
     697    2.166501e-03    2.742102e-01    1.602335e+00
     698    2.183283e-03    2.748961e-01    1.602334e+00
     699    2.200195e-03    2.755836e-01    1.602333e+00
     700    2.217238e-03    2.762727e-01    1.602332e+00
     701    2.234414e-03    2.769635e-01    1.602331e+00
     702    2.251722e-03    2.776558e-01    1.602330e+00
     703    2.269164e-03    2.783498e-01    1.602329e+00
     704    2.286741e-03    2.790454e-01    1.602328e+00
     705    2.304455e-03    2.797426e-01    1.602327e+00
     706    2.322306e-03    2.804414e-01    1.602326e+00
     707    2.340295e-03    2.811419e-01    1.602324e+00
     708    2.358423e-03    2.818440e-01    1.602323e+00
     709    2.376692e-03    2.825478e-01    1.602322e+00
     710    2.395102e-03    2.832532e-01    1.602321e+00
     711    2.413655e-03    2.839602e-01    1.602320e+00
     712    2.432351e-03    2.846689e-01    1.602319e+00
     713    2.451193e-03    2.853792e-01    1.602317e+00
     714    2.470180e-03    2.860912e-01    1.602316e+00
     715    2.489315e-03    2.868049e-01    1.602315e+00
     716    2.508597e-03    2.875202e-01    1.602314e+00
     717    2.528030e-03    2.882371e-01    1.602313e+00
     718    2.547612e-03    2.889558e-01    1.602311e+00
     719    2.567346e-03    2.896760e-01    1.602310e+00
     720    2.587233e-03    2.903980e-01    1.602309e+00
     721    2.607275e-03    2.911217e-01    1.602307e+00
     722    2.627471e-03    2.918470e-01    1.602306e+00
     723    2.647824e-03    2.925740e-01    1.602305e+00
     724    2.668334e-03    2.933026e-01    1.602303e+00
     725    2.689004e-03    2.940330e-01    1.602302e+00
     726    2.709833e-03    2.947650e-01    1.602301e+00
     727    2.730824e-03    2.954988e-01    1.602299e+00
     728    2.751978e-03    2.962342e-01    1.602298e+00
     729    2.773295e-03    2.969713e-01    1.602296e+00
     730    2.794777e-03    2.977101e-01    1.602295e+00
     731    2.816426e-03    2.984507e-01    1.602293e+00
     732    2.838243e-03    2.991929e-01    1.602292e+00
     733    2.860228e-03    2.999368e-01    1.602290e+00
     734    2.882384e-03    3.006825e-01    1.602289e+00
     735    2.904712e-03    3.014298e-01    1.602287e+00
     736    2.927212e-03    3.021789e-01    1.602286e+00
     737    2.949887e-03    3.029297e-01    1.602284e+00
     738    2.972737e-03    3.036822e-01    1.602282e+00
     739    2.995765e-03    3.044365e-01    1.602281e+00
     740    3.018970e-03    3.051924e-01    1.602279e+00
     741    3.042356e-03    3.059501e-01    1.602277e+00
     742    3.065922e-03    3.067095e-01    1.602276e+00
     743    3.089672e-03    3.074707e-01    1.602274e+00
     744    3.113605e-03    3.082336e-01    1.602272e+00
     745    3.137723e-03    3.089982e-01    1.602271e+00
     746    3.162029e-03    3.097646e-01    1.602269e+00
     747    3.186522e-03    3.105327e-01    1.602267e+00
     748    3.211206e-03    3.113026e-01    1.602265e+00
     749    3.236080e-03    3.120743e-01    1.602263e+00
     750    3.261147e-03    3.128476e-01    1.602261e+00
     751    3.286409e-03    3.136228e-01    1.602259e+00
     752    3.311866e-03    3.143997e-01    1.602258e+00
     753    3.337520e-03    3.151783e-01    1.602256e+00
     754    3.363373e-03    3.159588e-01    1.602254e+00
     755    3.389427e-03    3.167410e-01    1.602252e+00
     756    3.415682e-03    3.175249e-01    1.602250e+00
     757    3.442140e-03    3.183107e-01    1.602248e+00
     758    3.468804e-03    3.190982e-01    1.602246e+00
     759    3.495674e-03    3.198875e-01    1.602244e+00
     760    3.522752e-03    3.206785e-01    1.602242e+00
     761    3.550040e-03    3.214714e-01    1.602240e+00
     762    3.577539e-03    3.222660e-01    1.602237e+00
     763    3.605251e-03    3.230625e-01    1.602235e+00
     764    3.633178e-03    3.238607e-01    1.602233e+00
     765    3.661321e-03    3.246607e-01    1.602230e+00
     766    3.689683e-03    3.254625e-01    1.602228e+00
     767    3.718264e-03    3.262661e-01    1.602226e+00
     768    3.747066e-03    3.270715e-01    1.602223e+00
     769    3.776091e-03    3.278788e-01    1.602221e+00
     770    3.805342e-03    3.286878e-01    1.602219e+00
     771    3.834818e-03    3.294986e-01    1.602216e+00
     772    3.864524e-03    3.303113e-01    1.602214e+00
     773    3.894459e-03    3.311257e-01    1.602211e+00
     774    3.924626e-03    3.319420e-01    1.602209e+00
     775    3.955027e-03    3.327601e-01    1.602207e+00
     776    3.985663e-03    3.335800e-01    1.602204e+00
     777    4.016537e-03    3.344018e-01    1.602201e+00
     778    4.047650e-03    3.352253e-01    1.602199e+00
     779    4.079004e-03    3.360507e-01    1.602196e+00
     780    4.110600e-03    3.368780e-01    1.602193e+00
     781    4.142442e-03    3.377070e-01    1.602190e+00
     782    4.174530e-03    3.385379e-01    1.602187e+00
     783    4.206867e-03    3.393707e-01    1.602184e+00
     784    4.239454e-03    3.402053e-01    1.602181e+00
     785    4.272293e-03    3.410417e-01    1.602178e+00
     786    4.305387e-03    3.418800e-01    1.602175e+00
     787    4.338738e-03    3.427201e-01    1.602172e+00
     788    4.372346e-03    3.435621e-01    1.602170e+00
     789    4.406215e-03    3.444059e-01    1.602167e+00
     790    4.440346e-03    3.452516e-01    1.602164e+00
     791    4.474742e-03    3.460991e-01    1.602161e+00
     792    4.509404e-03    3.469485e-01    1.602157e+00
     793    4.544335e-03    3.477998e-01    1.602154e+00
     794    4.579536e-03    3.486529e-01    1.602151e+00
     795    4.615010e-03    3.495079e-01    1.602148e+00
     796    4.650759e-03    3.503648e-01    1.602145e+00
     797    4.686784e-03    3.512235e-01    1.602141e+00
     798    4.723089e-03    3.520842e-01    1.602138e+00
     799    4.759675e-03    3.529467e-01    1.602135e+00
     800    4.796544e-03    3.538110e-01    1.602131e+00
     801    4.833699e-03    3.546773e-01    1.602128e+00
     802    4.871142e-03    3.555454e-01    1.602124e+00
     803    4.908875e-03    3.564154e-01    1.602121e+00
     804    4.946900e-03    3.572873e-01    1.602117e+00
     805    4.985219e-03    3.581611e-01    1.602113e+00
     806    5.023836e-03    3.590368e-01    1.602110e+00
     807    5.062751e-03    3.599144e-01    1.602107e+00
     808    5.101968e-03    3.607939e-01    1.602103e+00
     809    5.141489e-03    3.616753e-01    1.602099e+00
     810    5.181316e-03    3.625585e-01    1.602094e+00
     811    5.221451e-03    3.634437e-01    1.602090e+00
     812    5.261898e-03    3.643308e-01    1.602086e+00
     813    5.302657e-03    3.652198e-01    1.602082e+00
     814    5.343733e-03    3.661107e-01    1.602078e+00
     815    5.385126e-03    3.670035e-01    1.602075e+00
     816    5.426840e-03    3.678982e-01    1.602071e+00
     817    5.468878e-03    3.687948e-01    1.602067e+00
     818    5.511240e-03    3.696934e-01    1.602063e+00
     819    5.553931e-03    3.705938e-01    1.602058e+00
     820    5.596953e-03    3.714962e-01    1.602054e+00
     821    5.640308e-03    3.724005e-01    1.602049e+00
     822    5.683999e-03    3.733067e-01    1.602045e+00
     823    5.728028e-03    3.742149e-01    1.602041e+00
     824    5.772399e-03    3.751250e-01    1.602036e+00
     825    5.817113e-03    3.760370e-01    1.602031e+00
     826    5.862173e-03    3.769509e-01    1.602027e+00
     827    5.907583e-03    3.778668e-01    1.602022e+00
     828    5.953344e-03    3.787846e-01    1.602017e+00
     829    5.999459e-03    3.797043e-01    1.602012e+00
     830    6.045932e-03    3.806260e-01    1.602007e+00
     831    6.092765e-03    3.815496e-01    1.602002e+00
     832    6.139961e-03    3.824751e-01    1.601997e+00
     833    6.187522e-03    3.834026e-01    1.601992e+00
     834    6.235452e-03    3.843321e-01    1.601987e+00
     835    6.283753e-03    3.852634e-01    1.601982e+00
     836    6.332428e-03    3.861968e-01    1.601976e+00
     837    6.381480e-03    3.871320e-01    1.601971e+00
     838    6.430912e-03    3.880693e-01    1.601965e+00
     839    6.480727e-03    3.890084e-01    1.601960e+00
     840    6.530928e-03    3.899496e-01    1.601955e+00
     841    6.581518e-03    3.908927e-01    1.601949e+00
     842    6.632499e-03    3.918377e-01    1.601942e+00
     843    6.683876e-03    3.927847e-01    1.601936e+00
     844    6.735650e-03    3.937336e-01    1.601930e+00
     845    6.787826e-03    3.946846e-01    1.601924e+00
     846    6.840406e-03    3.956374e-01    1.601918e+00
     847    6.893393e-03    3.965923e-01    1.601912e+00
     848    6.946790e-03    3.975491e-01    1.601907e+00
     849    7.000601e-03    3.985078e-01    1.601901e+00
     850    7.054829e-03    3.994685e-01    1.601894e+00
     851    7.109477e-03    4.004312e-01    1.601888e+00
     852    7.164548e-03    4.013959e-01    1.601882e+00
     853    7.220046e-03    4.023625e-01    1.601875e+00
     854    7.275974e-03    4.033311e-01    1.601868e+00
     855    7.332335e-03    4.043017e-01    1.601862e+00
     856    7.389133e-03    4.052743e-01    1.601855e+00
     857    7.446370e-03    4.062488e-01    1.601848e+00
     858    7.504051e-03    4.072253e-01    1.601841e+00
     859    7.562179e-03    4.082037e-01    1.601835e+00
     860    7.620757e-03    4.091842e-01    1.601828e+00
     861    7.679789e-03    4.101666e-01    1.601820e+00
     862    7.739278e-03    4.111510e-01    1.601813e+00
     863    7.799227e-03    4.121374e-01    1.601805e+00
     864    7.859642e-03    4.131257e-01    1.601798e+00
     865    7.920524e-03    4.141161e-01    1.601791e+00
     866    7.981878e-03    4.151084e-01    1.601783e+00
     867    8.043707e-03    4.161027e-01    1.601775e+00
     868    8.106015e-03    4.170990e-01    1.601767e+00
     869    8.168805e-03    4.180972e-01    1.601759e+00
     870    8.232082e-03    4.190975e-01    1.601752e+00
     871    8.295850e-03    4.200997e-01    1.601744e+00
     872    8.360111e-03    4.211039e-01    1.601735e+00
     873    8.424870e-03    4.221101e-01    1.601727e+00
     874    8.490130e-03    4.231183e-01    1.601719e+00
     875    8.555896e-03    4.241285e-01    1.601710e+00
     876    8.622172e-03    4.251407e-01    1.601702e+00
     877    8.688961e-03    4.261548e-01    1.601693e+00
     878    8.756267e-03    4.271709e-01    1.601685e+00
     879    8.824095e-03    4.281891e-01    1.601676e+00
     880    8.892448e-03    4.292092e-01    1.601667e+00
     881    8.961330e-03    4.302313e-01    1.601658e+00
     882    9.030746e-03    4.312553e-01    1.601649e+00
     883    9.100700e-03    4.322814e-01    1.601639e+00
     884    9.171196e-03    4.333095e-01    1.601630e+00
     885    9.242237e-03    4.343395e-01    1.601620e+00
     886    9.313829e-03    4.353716e-01    1.601611e+00
     887    9.385976e-03    4.364056e-01    1.601601e+00
     888    9.458681e-03    4.374416e-01    1.601591e+00
     889    9.531950e-03    4.384796e-01    1.601581e+00
     890    9.605786e-03    4.395196e-01    1.601571e+00
     891    9.680194e-03    4.405616e-01    1.601561e+00
     892    9.755179e-03    4.416056e-01    1.601550e+00
     893    9.830744e-03    4.426515e-01    1.601540e+00
     894    9.906895e-03    4.436995e-01    1.601530e+00
     895    9.983636e-03    4.447494e-01    1.601519e+00
     896    1.006097e-02    4.458013e-01    1.601508e+00
     897    1.013890e-02    4.468552e-01    1.601497e+00
     898    1.021744e-02    4.479111e-01    1.601486e+00
     899    1.029659e-02    4.489690e-01    1.601474e+00
     900    1.037635e-02    4.500289e-01    1.601463e+00
     901    1.045672e-02    4.510907e-01    1.601452e+00
     902    1.053772e-02    4.521545e-01    1.601441e+00
     903    1.061935e-02    4.532203e-01    1.601428e+00
     904    1.070161e-02    4.542881e-01    1.601416e+00
     905    1.078451e-02    4.553579e-01    1.601404e+00
     906    1.086805e-02    4.564297e-01    1.601392e+00
     907    1.095223e-02    4.575034e-01    1.601379e+00
     908    1.103707e-02    4.585791e-01    1.601367e+00
     909    1.112257e-02    4.596568e-01    1.601354e+00
     910    1.120872e-02    4.607365e-01    1.601341e+00
     911    1.129555e-02    4.618181e-01    1.601328e+00
     912    1.138304e-02    4.629017e-01    1.601315e+00
     913    1.147122e-02    4.639873e-01    1.601301e+00
     914    1.156008e-02    4.650749e-01    1.601288e+00
     915    1.164962e-02    4.661644e-01    1.601274e+00
     916    1.173986e-02    4.672559e-01    1.601260e+00
     917    1.183080e-02    4.683494e-01    1.601246e+00
     918    1.192245e-02    4.694448e-01    1.601232e+00
     919    1.201480e-02    4.705422e-01    1.601218e+00
     920    1.210787e-02    4.716416e-01    1.601203e+00
     921    1.220166e-02    4.727429e-01    1.601189e+00
     922    1.229618e-02    4.738462e-01    1.601174e+00
     923    1.239142e-02    4.749515e-01    1.601159e+00
     924    1.248741e-02    4.760587e-01    1.601143e+00
     925    1.258414e-02    4.771678e-01    1.601128e+00
     926    1.268162e-02    4.782790e-01    1.601112e+00
     927    1.277985e-02    4.793920e-01    1.601096e+00
     928    1.287885e-02    4.805071e-01    1.601081e+00
     929    1.297861e-02    4.816240e-01    1.601065e+00
     930    1.307914e-02    4.827429e-01    1.601048e+00
     931    1.318046e-02    4.838638e-01    1.601031e+00
     932    1.328256e-02    4.849866e-01    1.601015e+00
     933    1.338545e-02    4.861113e-01    1.600998e+00
     934    1.348913e-02    4.872380e-01    1.600981e+00
     935    1.359362e-02    4.883666e-01    1.600963e+00
     936    1.369892e-02    4.894971e-01    1.600946e+00
     937    1.380503e-02    4.906296e-01    1.600927e+00
     938    1.391197e-02    4.917640e-01    1.600909e+00
     939    1.401973e-02    4.929003e-01    1.600891e+00
     940    1.412833e-02    4.940385e-01    1.600873e+00
     941    1.423777e-02    4.951787e-01    1.600854e+00
     942    1.434806e-02    4.963207e-01    1.600836e+00
     943    1.445921e-02    4.974647e-01    1.600816e+00
     944    1.457121e-02    4.986106e-01    1.600797e+00
     945    1.468408e-02    4.997584e-01    1.600778e+00
     946    1.479783e-02    5.009081e-01    1.600758e+00
     947    1.491245e-02    5.020597e-01    1.600738e+00
     948    1.502797e-02    5.032132e-01    1.600717e+00
     949    1.514438e-02    5.043686e-01    1.600697e+00
     950    1.526169e-02    5.055259e-01    1.600676e+00
     951    1.537991e-02    5.066851e-01    1.600655e+00
     952    1.549904e-02    5.078461e-01    1.600634e+00
     953    1.561910e-02    5.090091e-01    1.600612e+00
     954    1.574009e-02    5.101739e-01    1.600590e+00
     955    1.586202e-02    5.113405e-01    1.600569e+00
     956    1.598489e-02    5.125091e-01    1.600547e+00
     957    1.610871e-02    5.136795e-01    1.600523e+00
     958    1.623349e-02    5.148518e-01    1.600502e+00
     959    1.635924e-02    5.160259e-01    1.600478e+00
     960    1.648596e-02    5.172019e-01    1.600454e+00
     961    1.661366e-02    5.183797e-01    1.600431e+00
     962    1.674235e-02    5.195594e-01    1.600406e+00
     963    1.687204e-02    5.207409e-01    1.600382e+00
     964    1.700274e-02    5.219242e-01    1.600358e+00
     965    1.713444e-02    5.231094e-01    1.600333e+00
     966    1.726717e-02    5.242964e-01    1.600307e+00
     967    1.740092e-02    5.254853e-01    1.600282e+00
     968    1.753571e-02    5.266759e-01    1.600257e+00
     969    1.767155e-02    5.278683e-01    1.600230e+00
     970    1.780844e-02    5.290626e-01    1.600204e+00
     971    1.794638e-02    5.302587e-01    1.600177e+00
     972    1.808540e-02    5.314565e-01    1.600151e+00
     973    1.822549e-02    5.326562e-01    1.600124e+00
     974    1.836667e-02    5.338576e-01    1.600096e+00
     975    1.850894e-02    5.350608e-01    1.600068e+00
     976    1.865231e-02    5.362658e-01    1.600039e+00
     977    1.879680e-02    5.374725e-01    1.600010e+00
     978    1.894240e-02    5.386811e-01    1.599981e+00
     979    1.908913e-02    5.398913e-01    1.599951e+00
     980    1.923700e-02    5.411034e-01    1.599921e+00
     981    1.938601e-02    5.423171e-01    1.599891e+00
     982    1.953618e-02    5.435326e-01    1.599861e+00
     983    1.968751e-02    5.447499e-01    1.599830e+00
     984    1.984002e-02    5.459689e-01    1.599798e+00
     985    1.999370e-02    5.471895e-01    1.599766e+00
     986    2.014857e-02    5.484120e-01    1.599734e+00
     987    2.030465e-02    5.496361e-01    1.599701e+00
     988    2.046193e-02    5.508619e-01    1.599669e+00
     989    2.062043e-02    5.520894e-01    1.599635e+00
     990    2.078016e-02    5.533186e-01    1.599602e+00
     991    2.094113e-02    5.545495e-01    1.599570e+00
     992    2.110334e-02    5.557820e-01    1.599535e+00
     993    2.126682e-02    5.570163e-01    1.599501e+00
     994    2.143155e-02    5.582521e-01    1.599466e+00
     995    2.159756e-02    5.594897e-01    1.599430e+00
     996    2.176486e-02    5.607289e-01    1.599394e+00
     997    2.193346e-02    5.619697e-01    1.599358e+00
     998    2.210336e-02    5.632121e-01    1.599321e+00
     999    2.227457e-02    5.644562e-01    1.599283e+00
    1000    2.244712e-02    5.657019e-01    1.599246e+00
    1001    2.262100e-02    5.669491e-01    1.599207e+00
    1002    2.279622e-02    5.681980e-01    1.599169e+00
    1003    2.297281e-02    5.694485e-01    1.599130e+00
    1004    2.315076e-02    5.707006e-01    1.599091e+00
    1005    2.333009e-02    5.719542e-01    1.599051e+00
    1006    2.351081e-02    5.732094e-01    1.599010e+00
    1007    2.369293e-02    5.744661e-01    1.598969e+00
    1008    2.387646e-02    5.757244e-01    1.598927e+00
    1009    2.406141e-02    5.769842e-01    1.598886e+00
    1010    2.424779e-02    5.782456e-01    1.598843e+00
    1011    2.443562e-02    5.795085e-01    1.598800e+00
    1012    2.462490e-02    5.807729e-01    1.598756e+00
    1013    2.481565e-02    5.820388e-01    1.598713e+00
    1014    2.500788e-02    5.833061e-01    1.598668e+00
    1015    2.520159e-02    5.845750e-01    1.598623e+00
    1016    2.539681e-02    5.858453e-01    1.598578e+00
    1017    2.559354e-02    5.871171e-01    1.598532e+00
    1018    2.579179e-02    5.883904e-01    1.598485e+00
    1019    2.599158e-02    5.896651e-01    1.598437e+00
    1020    2.619291e-02    5.909412e-01    1.598390e+00
    1021    2.639581e-02    5.922187e-01    1.598341e+00
    1022    2.660027e-02    5.934977e-01    1.598292e+00
    1023    2.680632e-02    5.947780e-01    1.598243e+00
    1024    2.701397e-02    5.960598e-01    1.598193e+00
    1025    2.722323e-02    5.973429e-01    1.598142e+00
    1026    2.743410e-02    5.986274e-01    1.598091e+00
    1027    2.764661e-02    5.999132e-01    1.598039e+00
    1028    2.786077e-02    6.012004e-01    1.597987e+00
    1029    2.807658e-02    6.024889e-01    1.597934e+00
    1030    2.829407e-02    6.037788e-01    1.597880e+00
    1031    2.851324e-02    6.050699e-01    1.597825e+00
    1032    2.873411e-02    6.063623e-01    1.597770e+00
    1033    2.895669e-02    6.076561e-01    1.597715e+00
    1034    2.918099e-02    6.089511e-01    1.597659e+00
    1035    2.940703e-02    6.102473e-01    1.597601e+00
    1036    2.963482e-02    6.115449e-01    1.597544e+00
    1037    2.986438e-02    6.128436e-01    1.597485e+00
    1038    3.009572e-02    6.141436e-01    1.597426e+00
    1039    3.032884e-02    6.154448e-01    1.597366e+00
    1040    3.056378e-02    6.167471e-01    1.597305e+00
    1041    3.080053e-02    6.180507e-01    1.597244e+00
    1042    3.103911e-02    6.193554e-01    1.597182e+00
    1043    3.127955e-02    6.206613e-01    1.597120e+00
    1044    3.152185e-02    6.219683e-01    1.597056e+00
    1045    3.176602e-02    6.232765e-01    1.596992e+00
    1046    3.201209e-02    6.245858e-01    1.596927e+00
    1047    3.226006e-02    6.258961e-01    1.596862e+00
    1048    3.250995e-02    6.272076e-01    1.596795e+00
    1049    3.276178e-02    6.285201e-01    1.596728e+00
    1050    3.301556e-02    6.298337e-01    1.596661e+00
    1051    3.327130e-02    6.311483e-01    1.596592e+00
    1052    3.352903e-02    6.324640e-01    1.596522e+00
    1053    3.378875e-02    6.337807e-01    1.596453e+00
    1054    3.405048e-02    6.350983e-01    1.596381e+00
    1055    3.431424e-02    6.364170e-01    1.596308e+00
    1056    3.458005e-02    6.377366e-01    1.596235e+00
    1057    3.484791e-02    6.390571e-01    1.596161e+00
    1058    3.511785e-02    6.403786e-01    1.596087e+00
    1059    3.538988e-02    6.417010e-01    1.596011e+00
    1060    3.566401e-02    6.430243e-01    1.595935e+00
    1061    3.594027e-02    6.443485e-01    1.595857e+00
    1062    3.621867e-02    6.456736e-01    1.595780e+00
    1063    3.649923e-02    6.469995e-01    1.595700e+00
    1064    3.678196e-02    6.483262e-01    1.595620e+00
    1065    3.706688e-02    6.496538e-01    1.595539e+00
    1066    3.735401e-02    6.509821e-01    1.595456e+00
    1067    3.764336e-02    6.523113e-01    1.595374e+00
    1068    3.793495e-02    6.536412e-01    1.595290e+00
    1069    3.822880e-02    6.549718e-01    1.595205e+00
    1070    3.852493e-02    6.563032e-01    1.595119e+00
    1071    3.882335e-02    6.576352e-01    1.595033e+00
    1072    3.912408e-02    6.589680e-01    1.594945e+00
    1073    3.942714e-02    6.603014e-01    1.594855e+00
    1074    3.973255e-02    6.616355e-01    1.594766e+00
    1075    4.004033e-02    6.629702e-01    1.594675e+00
    1076    4.035049e-02    6.643055e-01    1.594582e+00
    1077    4.066305e-02    6.656414e-01    1.594489e+00
    1078    4.097803e-02    6.669779e-01    1.594395e+00
    1079    4.129546e-02    6.683150e-01    1.594299e+00
    1080    4.161534e-02    6.696525e-01    1.594203e+00
    1081    4.193770e-02    6.709906e-01    1.594105e+00
    1082    4.226256e-02    6.723292e-01    1.594006e+00
    1083    4.258993e-02    6.736682e-01    1.593906e+00
    1084    4.291984e-02    6.750077e-01    1.593806e+00
    1085    4.325230e-02    6.763476e-01    1.593703e+00
    1086    4.358734e-02    6.776879e-01    1.593599e+00
    1087    4.392498e-02    6.790287e-01    1.593495e+00
    1088    4.426523e-02    6.803697e-01    1.593388e+00
    1089    4.460812e-02    6.817111e-01    1.593281e+00
    1090    4.495366e-02    6.830528e-01    1.593173e+00
    1091    4.530188e-02    6.843949e-01    1.593063e+00
    1092    4.565279e-02    6.857372e-01    1.592953e+00
    1093    4.600643e-02    6.870797e-01    1.592840e+00
    1094    4.636280e-02    6.884225e-01    1.592726e+00
    1095    4.672194e-02    6.897654e-01    1.592612e+00
    1096    4.708385e-02    6.911086e-01    1.592496e+00
    1097    4.744857e-02    6.924518e-01    1.592377e+00
    1098    4.781612e-02    6.937953e-01    1.592258e+00
    1099    4.818651e-02    6.951388e-01    1.592138e+00
    1100    4.855977e-02    6.964824e-01    1.592016e+00
    1101    4.893592e-02    6.978261e-01    1.591893e+00
    1102    4.931499e-02    6.991698e-01    1.591768e+00
    1103    4.969699e-02    7.005134e-01    1.591642e+00
    1104    5.008196e-02    7.018571e-01    1.591514e+00
    1105    5.046990e-02    7.032007e-01    1.591385e+00
    1106    5.086085e-02    7.045443e-01    1.591255e+00
    1107    5.125483e-02    7.058877e-01    1.591123e+00
    1108    5.165186e-02    7.072311e-01    1.590990e+00
    1109    5.205196e-02    7.085742e-01    1.590854e+00
    1110    5.245516e-02    7.099172e-01    1.590716e+00
    1111    5.286149e-02    7.112600e-01    1.590579e+00
    1112    5.327097e-02    7.126025e-01    1.590439e+00
    1113    5.368361e-02    7.139448e-01    1.590297e+00
    1114    5.409945e-02    7.152868e-01    1.590154e+00
    1115    5.451852e-02    7.166285e-01    1.590010e+00
    1116    5.494083e-02    7.179698e-01    1.589864e+00
    1117    5.536641e-02    7.193107e-01    1.589715e+00
    1118    5.579529e-02    7.206512e-01    1.589564e+00
    1119    5.622749e-02    7.219913e-01    1.589414e+00
    1120    5.666304e-02    7.233309e-01    1.589260e+00
    1121    5.710196e-02    7.246700e-01    1.589104e+00
    1122    5.754428e-02    7.260086e-01    1.588947e+00
    1123    5.799003e-02    7.273466e-01    1.588788e+00
    1124    5.843923e-02    7.286841e-01    1.588628e+00
    1125    5.889191e-02    7.300209e-01    1.588466e+00
    1126    5.934810e-02    7.313570e-01    1.588301e+00
    1127    5.980782e-02    7.326925e-01    1.588135e+00
    1128    6.027110e-02    7.340272e-01    1.587967e+00
    1129    6.073797e-02    7.353612e-01    1.587797e+00
    1130    6.120846e-02    7.366944e-01    1.587624e+00
    1131    6.168259e-02    7.380268e-01    1.587450e+00
    1132    6.216040e-02    7.393584e-01    1.587274e+00
    1133    6.264190e-02    7.406891e-01    1.587096e+00
    1134    6.312714e-02    7.420188e-01    1.586916e+00
    1135    6.361613e-02    7.433476e-01    1.586734e+00
    1136    6.410891e-02    7.446754e-01    1.586550e+00
    1137    6.460551e-02    7.460022e-01    1.586363e+00
    1138    6.510596e-02    7.473279e-01    1.586174e+00
    1139    6.561028e-02    7.486526e-01    1.585984e+00
    1140    6.611851e-02    7.499761e-01    1.585791e+00
    1141    6.663068e-02    7.512984e-01    1.585596e+00
    1142    6.714681e-02    7.526196e-01    1.585398e+00
    1143    6.766694e-02    7.539395e-01    1.585199e+00
    1144    6.819110e-02    7.552581e-01    1.584997e+00
    1145    6.871932e-02    7.565754e-01    1.584792e+00
    1146    6.925163e-02    7.578914e-01    1.584586e+00
    1147    6.978807e-02    7.592060e-01    1.584377e+00
    1148    7.032866e-02    7.605191e-01    1.584166e+00
    1149    7.087344e-02    7.618308e-01    1.583952e+00
    1150    7.142244e-02    7.631410e-01    1.583735e+00
    1151    7.197569e-02    7.644497e-01    1.583516e+00
    1152    7.253323e-02    7.657567e-01    1.583296e+00
    1153    7.309508e-02    7.670622e-01    1.583072e+00
    1154    7.366129e-02    7.683660e-01    1.582846e+00
    1155    7.423188e-02    7.696680e-01    1.582617e+00
    1156    7.480690e-02    7.709684e-01    1.582387e+00
    1157    7.538636e-02    7.722669e-01    1.582153e+00
    1158    7.597032e-02    7.735636e-01    1.581916e+00
    1159    7.655880e-02    7.748585e-01    1.581676e+00
    1160    7.715184e-02    7.761514e-01    1.581434e+00
    1161    7.774947e-02    7.774424e-01    1.581189e+00
    1162    7.835173e-02    7.787313e-01    1.580941e+00
    1163    7.895866e-02    7.800183e-01    1.580691e+00
    1164    7.957029e-02    7.813031e-01    1.580438e+00
    1165    8.018665e-02    7.825858e-01    1.580182e+00
    1166    8.080779e-02    7.838664e-01    1.579922e+00
    1167    8.143374e-02    7.851447e-01    1.579661e+00
    1168    8.206454e-02    7.864208e-01    1.579396e+00
    1169    8.270023e-02    7.876945e-01    1.579128e+00
    1170    8.334084e-02    7.889659e-01    1.578856e+00
    1171    8.398641e-02    7.902349e-01    1.578581e+00
    1172    8.463699e-02    7.915014e-01    1.578305e+00
    1173    8.529260e-02    7.927654e-01    1.578024e+00
    1174    8.595329e-02    7.940269e-01    1.577740e+00
    1175    8.661910e-02    7.952858e-01    1.577454e+00
    1176    8.729007e-02    7.965421e-01    1.577163e+00
    1177    8.796624e-02    7.977957e-01    1.576870e+00
    1178    8.864764e-02    7.990465e-01    1.576574e+00
    1179    8.933432e-02    8.002945e-01    1.576274e+00
    1180    9.002632e-02    8.015397e-01    1.575970e+00
    1181    9.072368e-02    8.027820e-01    1.575663e+00
    1182    9.142644e-02    8.040214e-01    1.575353e+00
    1183    9.213465e-02    8.052578e-01    1.575039e+00
    1184    9.284834e-02    8.064911e-01    1.574723e+00
    1185    9.356756e-02    8.077213e-01    1.574402e+00
    1186    9.429235e-02    8.089484e-01    1.574077e+00
    1187    9.502275e-02    8.101723e-01    1.573749e+00
    1188    9.575882e-02    8.113930e-01    1.573418e+00
    1189    9.650058e-02    8.126103e-01    1.573082e+00
    1190    9.724809e-02    8.138243e-01    1.572743e+00
    1191    9.800139e-02    8.150349e-01    1.572400e+00
    1192    9.876053e-02    8.162419e-01    1.572053e+00
    1193    9.952555e-02    8.174455e-01    1.571703e+00
    1194    1.002965e-01    8.186455e-01    1.571348e+00
    1195    1.010734e-01    8.198419e-01    1.570989e+00
    1196    1.018563e-01    8.210345e-01    1.570628e+00
    1197    1.026453e-01    8.222234e-01    1.570261e+00
    1198    1.034404e-01    8.234085e-01    1.569890e+00
    1199    1.042417e-01    8.245898e-01    1.569516e+00
    1200    1.050492e-01    8.257671e-01    1.569137e+00
    1201    1.058629e-01    8.269405e-01    1.568754e+00
    1202    1.066830e-01    8.281098e-01    1.568366e+00
    1203    1.075093e-01    8.292750e-01    1.567975e+00
    1204    1.083421e-01    8.304360e-01    1.567577e+00
    1205    1.091814e-01    8.315928e-01    1.567179e+00
    1206    1.100271e-01    8.327454e-01    1.566773e+00
    1207    1.108794e-01    8.338936e-01    1.566364e+00
    1208    1.117383e-01    8.350374e-01    1.565949e+00
    1209    1.126038e-01    8.361767e-01    1.565530e+00
    1210    1.134761e-01    8.373115e-01    1.565107e+00
    1211    1.143551e-01    8.384418e-01    1.564680e+00
    1212    1.152409e-01    8.395673e-01    1.564248e+00
    1213    1.161336e-01    8.406882e-01    1.563810e+00
    1214    1.170332e-01    8.418043e-01    1.563368e+00
    1215    1.179397e-01    8.429155e-01    1.562920e+00
    1216    1.188533e-01    8.440218e-01    1.562468e+00
    1217    1.197740e-01    8.451232e-01    1.562011e+00
    1218    1.207018e-01    8.462195e-01    1.561549e+00
    1219    1.216367e-01    8.473107e-01    1.561081e+00
    1220    1.225790e-01    8.483967e-01    1.560610e+00
    1221    1.235285e-01    8.494774e-01    1.560132e+00
    1222    1.244853e-01    8.505529e-01    1.559650e+00
    1223    1.254496e-01    8.516230e-01    1.559161e+00
    1224    1.264214e-01    8.526876e-01    1.558670e+00
    1225    1.274007e-01    8.537467e-01    1.558171e+00
    1226    1.283875e-01    8.548003e-01    1.557666e+00
    1227    1.293821e-01    8.558481e-01    1.557155e+00
    1228    1.303843e-01    8.568903e-01    1.556641e+00
    1229    1.313942e-01    8.579266e-01    1.556119e+00
    1230    1.324121e-01    8.589571e-01    1.555593e+00
    1231    1.334377e-01    8.599816e-01    1.555060e+00
    1232    1.344714e-01    8.610001e-01    1.554523e+00
    1233    1.355130e-01    8.620126e-01    1.553979e+00
    1234    1.365627e-01    8.630188e-01    1.553430e+00
    1235    1.376206e-01    8.640189e-01    1.552874e+00
    1236    1.386866e-01    8.650126e-01    1.552312e+00
    1237    1.397609e-01    8.659999e-01    1.551745e+00
    1238    1.408435e-01    8.669808e-01    1.551170e+00
    1239    1.419345e-01    8.679552e-01    1.550589e+00
    1240    1.430339e-01    8.689229e-01    1.550003e+00
    1241    1.441419e-01    8.698839e-01    1.549409e+00
    1242    1.452585e-01    8.708382e-01    1.548810e+00
    1243    1.463837e-01    8.717856e-01    1.548204e+00
    1244    1.475176e-01    8.727261e-01    1.547591e+00
    1245    1.486603e-01    8.736596e-01    1.546973e+00
    1246    1.498118e-01    8.745861e-01    1.546346e+00
    1247    1.509723e-01    8.755053e-01    1.545714e+00
    1248    1.521417e-01    8.764174e-01    1.545075e+00
    1249    1.533203e-01    8.773221e-01    1.544428e+00
    1250    1.545079e-01    8.782194e-01    1.543777e+00
    1251    1.557048e-01    8.791092e-01    1.543116e+00
    1252    1.569109e-01    8.799915e-01    1.542450e+00
    1253    1.581263e-01    8.808661e-01    1.541775e+00
    1254    1.593512e-01    8.817330e-01    1.541094e+00
    1255    1.605856e-01    8.825920e-01    1.540405e+00
    1256    1.618295e-01    8.834432e-01    1.539710e+00
    1257    1.630831e-01    8.842864e-01    1.539007e+00
    1258    1.643463e-01    8.851215e-01    1.538295e+00
    1259    1.656194e-01    8.859485e-01    1.537577e+00
    1260    1.669023e-01    8.867672e-01    1.536850e+00
    1261    1.681952e-01    8.875776e-01    1.536116e+00
    1262    1.694980e-01    8.883796e-01    1.535375e+00
    1263    1.708110e-01    8.891731e-01    1.534625e+00
    1264    1.721341e-01    8.899581e-01    1.533869e+00
    1265    1.734675e-01    8.907343e-01    1.533103e+00
    1266    1.748112e-01    8.915018e-01    1.532328e+00
    1267    1.761653e-01    8.922604e-01    1.531547e+00
    1268    1.775299e-01    8.930101e-01    1.530757e+00
    1269    1.789051e-01    8.937508e-01    1.529958e+00
    1270    1.802910e-01    8.944823e-01    1.529152e+00
    1271    1.816875e-01    8.952046e-01    1.528337e+00
    1272    1.830949e-01    8.959177e-01    1.527514e+00
    1273    1.845132e-01    8.966213e-01    1.526682e+00
    1274    1.859425e-01    8.973154e-01    1.525842e+00
    1275    1.873828e-01    8.980000e-01    1.524991e+00
    1276    1.888343e-01    8.986749e-01    1.524132e+00
    1277    1.902971e-01    8.993400e-01    1.523264e+00
    1278    1.917711e-01    8.999953e-01    1.522388e+00
    1279    1.932566e-01    9.006406e-01    1.521502e+00
    1280    1.947536e-01    9.012759e-01    1.520606e+00
    1281    1.962622e-01    9.019010e-01    1.519701e+00
    1282    1.977825e-01    9.025158e-01    1.518787e+00
    1283    1.993146e-01    9.031204e-01    1.517865e+00
    1284    2.008585e-01    9.037145e-01    1.516932e+00
    1285    2.024144e-01    9.042981e-01    1.515990e+00
    1286    2.039823e-01    9.048710e-01    1.515039e+00
    1287    2.055624e-01    9.054332e-01    1.514076e+00
    1288    2.071547e-01    9.059846e-01    1.513105e+00
    1289    2.087594e-01    9.065251e-01    1.512123e+00
    1290    2.103765e-01    9.070545e-01    1.511128e+00
    1291    2.120061e-01    9.075729e-01    1.510126e+00
    1292    2.136483e-01    9.080800e-01    1.509114e+00
    1293    2.153033e-01    9.085757e-01    1.508090e+00
    1294    2.169711e-01    9.090601e-01    1.507055e+00
    1295    2.186517e-01    9.095329e-01    1.506012e+00
    1296    2.203455e-01    9.099942e-01    1.504959e+00
    1297    2.220523e-01    9.104436e-01    1.503894e+00
    1298    2.237724e-01    9.108813e-01    1.502817e+00
    1299    2.255057e-01    9.113070e-01    1.501728e+00
    1300    2.272525e-01    9.117207e-01    1.500632e+00
    1301    2.290129e-01    9.121223e-01    1.499522e+00
    1302    2.307869e-01    9.125116e-01    1.498401e+00
    1303    2.325746e-01    9.128885e-01    1.497270e+00
    1304    2.343761e-01    9.132530e-01    1.496127e+00
    1305    2.361917e-01    9.136050e-01    1.494972e+00
    1306    2.380212e-01    9.139443e-01    1.493806e+00
    1307    2.398650e-01    9.142708e-01    1.492628e+00
    1308    2.417230e-01    9.145845e-01    1.491437e+00
    1309    2.435955e-01    9.148852e-01    1.490234e+00
    1310    2.454824e-01    9.151728e-01    1.489020e+00
    1311    2.473840e-01    9.154472e-01    1.487793e+00
    1312    2.493002e-01    9.157083e-01    1.486557e+00
    1313    2.512314e-01    9.159561e-01    1.485305e+00
    1314    2.531774e-01    9.161903e-01    1.484040e+00
    1315    2.551386e-01    9.164109e-01    1.482765e+00
    1316    2.571149e-01    9.166177e-01    1.481474e+00
    1317    2.591066e-01    9.168108e-01    1.480175e+00
    1318    2.611137e-01    9.169899e-01    1.478862e+00
    1319    2.631363e-01    9.171549e-01    1.477535e+00
    1320    2.651746e-01    9.173058e-01    1.476192e+00
    1321    2.672287e-01    9.174424e-01    1.474838e+00
    1322    2.692987e-01    9.175646e-01    1.473472e+00
    1323    2.713848e-01    9.176724e-01    1.472091e+00
    1324    2.734870e-01    9.177655e-01    1.470694e+00
    1325    2.756054e-01    9.178439e-01    1.469291e+00
    1326    2.777403e-01    9.179076e-01    1.467869e+00
    1327    2.798917e-01    9.179563e-01    1.466434e+00
    1328    2.820598e-01    9.179899e-01    1.464986e+00
    1329    2.842447e-01    9.180084e-01    1.463522e+00
    1330    2.864465e-01    9.180117e-01    1.462046e+00
    1331    2.886654e-01    9.179996e-01    1.460554e+00
    1332    2.909015e-01    9.179720e-01    1.459049e+00
    1333    2.931548e-01    9.179288e-01    1.457526e+00
    1334    2.954257e-01    9.178699e-01    1.455991e+00
    1335    2.977141e-01    9.177952e-01    1.454440e+00
    1336    3.000202e-01    9.177046e-01    1.452877e+00
    1337    3.023442e-01    9.175980e-01    1.451296e+00
    1338    3.046863e-01    9.174752e-01    1.449704e+00
    1339    3.070464e-01    9.173361e-01    1.448092e+00
    1340    3.094248e-01    9.171807e-01    1.446466e+00
    1341    3.118217e-01    9.170088e-01    1.444826e+00
    1342    3.142371e-01    9.168203e-01    1.443170e+00
    1343    3.166713e-01    9.166151e-01    1.441496e+00
    1344    3.191243e-01    9.163931e-01    1.439805e+00
    1345    3.215963e-01    9.161541e-01    1.438104e+00
    1346    3.240874e-01    9.158982e-01    1.436384e+00
    1347    3.265978e-01    9.156251e-01    1.434647e+00
    1348    3.291277e-01    9.153347e-01    1.432895e+00
    1349    3.316772e-01    9.150270e-01    1.431126e+00
    1350    3.342464e-01    9.147018e-01    1.429342e+00
    1351    3.368356e-01    9.143590e-01    1.427540e+00
    1352    3.394448e-01    9.139985e-01    1.425719e+00
    1353    3.420742e-01    9.136202e-01    1.423884e+00
    1354    3.447239e-01    9.132240e-01    1.422031e+00
    1355    3.473942e-01    9.128097e-01    1.420161e+00
    1356    3.500852e-01    9.123774e-01    1.418274e+00
    1357    3.527970e-01    9.119267e-01    1.416373e+00
    1358    3.555299e-01    9.114578e-01    1.414448e+00
    1359    3.582838e-01    9.109703e-01    1.412508e+00
    1360    3.610592e-01    9.104643e-01    1.410551e+00
    1361    3.638560e-01    9.099396e-01    1.408572e+00
    1362    3.666745e-01    9.093962e-01    1.406582e+00
    1363    3.695148e-01    9.088338e-01    1.404571e+00
    1364    3.723772e-01    9.082524e-01    1.402544e+00
    1365    3.752617e-01    9.076520e-01    1.400493e+00
    1366    3.781685e-01    9.070323e-01    1.398426e+00
    1367    3.810979e-01    9.063933e-01    1.396342e+00
    1368    3.840499e-01    9.057349e-01    1.394237e+00
    1369    3.870248e-01    9.050569e-01    1.392118e+00
    1370    3.900228e-01    9.043594e-01    1.389975e+00
    1371    3.930440e-01    9.036421e-01    1.387814e+00
    1372    3.960886e-01    9.029049e-01    1.385634e+00
    1373    3.991568e-01    9.021478e-01    1.383436e+00
    1374    4.022487e-01    9.013707e-01    1.381218e+00
    1375    4.053646e-01    9.005735e-01    1.378985e+00
    1376    4.085046e-01    8.997559e-01    1.376723e+00
    1377    4.116690e-01    8.989181e-01    1.374445e+00
    1378    4.148578e-01    8.980598e-01    1.372145e+00
    1379    4.180714e-01    8.971810e-01    1.369831e+00
    1380    4.213098e-01    8.962815e-01    1.367493e+00
    1381    4.245734e-01    8.953613e-01    1.365135e+00
    1382    4.278622e-01    8.944203e-01    1.362757e+00
    1383    4.311765e-01    8.934583e-01    1.360363e+00
    1384    4.345165e-01    8.924754e-01    1.357940e+00
    1385    4.378823e-01    8.914713e-01    1.355498e+00
    1386    4.412742e-01    8.904460e-01    1.353039e+00
    1387    4.446924e-01    8.893994e-01    1.350557e+00
    1388    4.481371e-01    8.883314e-01    1.348054e+00
    1389    4.516084e-01    8.872420e-01    1.345530e+00
    1390    4.551067e-01    8.861310e-01    1.342986e+00
    1391    4.586320e-01    8.849983e-01    1.340417e+00
    1392    4.621847e-01    8.838439e-01    1.337830e+00
    1393    4.657648e-01    8.826676e-01    1.335224e+00
    1394    4.693727e-01    8.814695e-01    1.332589e+00
    1395    4.730086e-01    8.802493e-01    1.329935e+00
    1396    4.766726e-01    8.790071e-01    1.327259e+00
    1397    4.803650e-01    8.777427e-01    1.324563e+00
    1398    4.840860e-01    8.764561e-01    1.321842e+00
    1399    4.878358e-01    8.751472e-01    1.319101e+00
    1400    4.916146e-01    8.738159e-01    1.316337e+00
    1401    4.954228e-01    8.724621e-01    1.313550e+00
    1402    4.992604e-01    8.710858e-01    1.310740e+00
    1403    5.031278e-01    8.696868e-01    1.307908e+00
    1404    5.070251e-01    8.682652e-01    1.305053e+00
    1405    5.109526e-01    8.668208e-01    1.302174e+00
    1406    5.149105e-01    8.653536e-01    1.299274e+00
    1407    5.188991e-01    8.638635e-01    1.296352e+00
    1408    5.229186e-01    8.623504e-01    1.293403e+00
    1409    5.269692e-01    8.608143e-01    1.290431e+00
    1410    5.310512e-01    8.592551e-01    1.287438e+00
    1411    5.351649e-01    8.576728e-01    1.284420e+00
    1412    5.393103e-01    8.560673e-01    1.281379e+00
    1413    5.434879e-01    8.544385e-01    1.278315e+00
    1414    5.476979e-01    8.527864e-01    1.275227e+00
    1415    5.519405e-01    8.511110e-01    1.272112e+00
    1416    5.562159e-01    8.494121e-01    1.268977e+00
    1417    5.605244e-01    8.476897e-01    1.265817e+00
    1418    5.648664e-01    8.459438e-01    1.262631e+00
    1419    5.692419e-01    8.441744e-01    1.259425e+00
    1420    5.736514e-01    8.423813e-01    1.256191e+00
    1421    5.780950e-01    8.405646e-01    1.252934e+00
    1422    5.825730e-01    8.387242e-01    1.249650e+00
    1423    5.870857e-01    8.368601e-01    1.246346e+00
    1424    5.916334e-01    8.349722e-01    1.243018e+00
    1425    5.962163e-01    8.330605e-01    1.239662e+00
    1426    6.008347e-01    8.311250e-01    1.236278e+00
    1427    6.054889e-01    8.291656e-01    1.232875e+00
    1428    6.101791e-01    8.271824e-01    1.229444e+00
    1429    6.149056e-01    8.251752e-01    1.225991e+00
    1430    6.196688e-01    8.231441e-01    1.222510e+00
    1431    6.244689e-01    8.210890e-01    1.219005e+00
    1432    6.293061e-01    8.190100e-01    1.215475e+00
    1433    6.341808e-01    8.169070e-01    1.211922e+00
    1434    6.390933e-01    8.147799e-01    1.208341e+00
    1435    6.440438e-01    8.126289e-01    1.204739e+00
    1436    6.490327e-01    8.104539e-01    1.201108e+00
    1437    6.540603e-01    8.082548e-01    1.197449e+00
    1438    6.591267e-01    8.060318e-01    1.193766e+00
    1439    6.642324e-01    8.037847e-01    1.190063e+00
    1440    6.693777e-01    8.015136e-01    1.186335e+00
    1441    6.745628e-01    7.992185e-01    1.182573e+00
    1442    6.797881e-01    7.968993e-01    1.178792e+00
    1443    6.850539e-01    7.945562e-01    1.174981e+00
    1444    6.903604e-01    7.921891e-01    1.171148e+00
    1445    6.957081e-01    7.897981e-01    1.167289e+00
    1446    7.010972e-01    7.873831e-01    1.163403e+00
    1447    7.065280e-01    7.849443e-01    1.159496e+00
    1448    7.120009e-01    7.824815e-01    1.155555e+00
    1449    7.175162e-01    7.799949e-01    1.151593e+00
    1450    7.230742e-01    7.774844e-01    1.147607e+00
    1451    7.286752e-01    7.749502e-01    1.143593e+00
    1452    7.343197e-01    7.723922e-01    1.139557e+00
    1453    7.400078e-01    7.698106e-01    1.135491e+00
    1454    7.457401e-01    7.672052e-01    1.131402e+00
    1455    7.515167e-01    7.645763e-01    1.127284e+00
    1456    7.573381e-01    7.619238e-01    1.123146e+00
    1457    7.632046e-01    7.592478e-01    1.118980e+00
    1458    7.691165e-01    7.565484e-01    1.114785e+00
    1459    7.750742e-01    7.538256e-01    1.110569e+00
    1460    7.810781e-01    7.510795e-01    1.106326e+00
    1461    7.871285e-01    7.483101e-01    1.102059e+00
    1462    7.932257e-01    7.455176e-01    1.097764e+00
    1463    7.993702e-01    7.427020e-01    1.093445e+00
    1464    8.055622e-01    7.398634e-01    1.089103e+00
    1465    8.118023e-01    7.370019e-01    1.084734e+00
    1466    8.180906e-01    7.341176e-01    1.080337e+00
    1467    8.244277e-01    7.312105e-01    1.075917e+00
    1468    8.308139e-01    7.282807e-01    1.071476e+00
    1469    8.372495e-01    7.253284e-01    1.067002e+00
    1470    8.437350e-01    7.223537e-01    1.062507e+00
    1471    8.502707e-01    7.193567e-01    1.057990e+00
    1472    8.568571e-01    7.163374e-01    1.053444e+00
    1473    8.634944e-01    7.132960e-01    1.048875e+00
    1474    8.701832e-01    7.102326e-01    1.044281e+00
    1475    8.769238e-01    7.071474e-01    1.039663e+00
    1476    8.837166e-01    7.040404e-01    1.035019e+00
    1477    8.905620e-01    7.009118e-01    1.030351e+00
    1478    8.974605e-01    6.977618e-01    1.025661e+00
    1479    9.044124e-01    6.945904e-01    1.020946e+00
    1480    9.114181e-01    6.913979e-01    1.016207e+00
    1481    9.184781e-01    6.881843e-01    1.011445e+00
    1482    9.255928e-01    6.849498e-01    1.006656e+00
    1483    9.327626e-01    6.816946e-01    1.001848e+00
    1484    9.399880e-01    6.784189e-01    9.970118e-01
    1485    9.472693e-01    6.751227e-01    9.921578e-01
    1486    9.546070e-01    6.718063e-01    9.872821e-01
    1487    9.620016e-01    6.684698e-01    9.823760e-01
    1488    9.694534e-01    6.651135e-01    9.774495e-01
    1489    9.769630e-01    6.617375e-01    9.724993e-01
    1490    9.845307e-01    6.583419e-01    9.675292e-01
    1491    9.921571e-01    6.549271e-01    9.625375e-01
    1492    9.998425e-01    6.514931e-01    9.575214e-01
    1493    1.007587e+00    6.480402e-01    9.524841e-01
    1494    1.015392e+00    6.445686e-01    9.474214e-01
    1495    1.023258e+00    6.410785e-01    9.423469e-01
    1496    1.031184e+00    6.375700e-01    9.372424e-01
    1497    1.039172e+00    6.340435e-01    9.321202e-01
    1498    1.047222e+00    6.304992e-01    9.269771e-01
    1499    1.055333e+00    6.269372e-01    9.218127e-01
    1500    1.063508e+00    6.233578e-01    9.166282e-01
    1501    1.071746e+00    6.197613e-01    9.114222e-01
    1502    1.080048e+00    6.161478e-01    9.061982e-01
    1503    1.088415e+00    6.125176e-01    9.009559e-01
    1504    1.096846e+00    6.088711e-01    8.956888e-01
    1505    1.105342e+00    6.052083e-01    8.904045e-01
    1506    1.113904e+00    6.015297e-01    8.851060e-01
    1507    1.122533e+00    5.978353e-01    8.797834e-01
    1508    1.131228e+00    5.941256e-01    8.744422e-01
    1509    1.139991e+00    5.904008e-01    8.690872e-01
    1510    1.148821e+00    5.866612e-01    8.637105e-01
    1511    1.157720e+00    5.829069e-01    8.583176e-01
    1512    1.166688e+00    5.791384e-01    8.529094e-01
    1513    1.175726e+00    5.753560e-01    8.474813e-01
    1514    1.184833e+00    5.715598e-01    8.420352e-01
    1515    1.194011e+00    5.677502e-01    8.365780e-01
    1516    1.203260e+00    5.639276e-01    8.311004e-01
    1517    1.212581e+00    5.600922e-01    8.256100e-01
    1518    1.221973e+00    5.562443e-01    8.201025e-01
    1519    1.231439e+00    5.523842e-01    8.145806e-01
    1520    1.240978e+00    5.485123e-01    8.090443e-01
    1521    1.250591e+00    5.446289e-01    8.034937e-01
    1522    1.260278e+00    5.407343e-01    7.979282e-01
    1523    1.270040e+00    5.368288e-01    7.923487e-01
    1524    1.279878e+00    5.329129e-01    7.867595e-01
    1525    1.289793e+00    5.289867e-01    7.811473e-01
    1526    1.299784e+00    5.250507e-01    7.755382e-01
    1527    1.309852e+00    5.211053e-01    7.699077e-01
    1528    1.319998e+00    5.171507e-01    7.642709e-01
    1529    1.330223e+00    5.131873e-01    7.586158e-01
    1530    1.340527e+00    5.092155e-01    7.529543e-01
    1531    1.350911e+00    5.052356e-01    7.472810e-01
    1532    1.361376e+00    5.012481e-01    7.415984e-01
    1533    1.371921e+00    4.972533e-01    7.359072e-01
    1534    1.382548e+00    4.932515e-01    7.302059e-01
    1535    1.393258e+00    4.892431e-01    7.244940e-01
    1536    1.404050e+00    4.852286e-01    7.187751e-01
    1537    1.414926e+00    4.812083e-01    7.130502e-01
    1538    1.425887e+00    4.771826e-01    7.073165e-01
    1539    1.436932e+00    4.731518e-01    7.015736e-01
    1540    1.448062e+00    4.691165e-01    6.958310e-01
    1541    1.459279e+00    4.650769e-01    6.900724e-01
    1542    1.470583e+00    4.610335e-01    6.843172e-01
    1543    1.481975e+00    4.569867e-01    6.785534e-01
    1544    1.493454e+00    4.529369e-01    6.727852e-01
    1545    1.505023e+00    4.488845e-01    6.670107e-01
    1546    1.516681e+00    4.448299e-01    6.612366e-01
    1547    1.528430e+00    4.407735e-01    6.554584e-01
    1548    1.540269e+00    4.367158e-01    6.496773e-01
    1549    1.552200e+00    4.326572e-01    6.438937e-01
    1550    1.564224e+00    4.285981e-01    6.381105e-01
    1551    1.576341e+00    4.245389e-01    6.323225e-01
    1552    1.588551e+00    4.204800e-01    6.265363e-01
    1553    1.600856e+00    4.164219e-01    6.207524e-01
    1554    1.613257e+00    4.123650e-01    6.149654e-01
    1555    1.625754e+00    4.083098e-01    6.091799e-01
    1556    1.638347e+00    4.042567e-01    6.033965e-01
    1557    1.651038e+00    4.002060e-01    5.976169e-01
    1558    1.663827e+00    3.961584e-01    5.918375e-01
    1559    1.676715e+00    3.921141e-01    5.860637e-01
    1560    1.689704e+00    3.880736e-01    5.802925e-01
    1561    1.702792e+00    3.840375e-01    5.745322e-01
    1562    1.715982e+00    3.800060e-01    5.687628e-01
    1563    1.729275e+00    3.759798e-01    5.630073e-01
    1564    1.742670e+00    3.719591e-01    5.572604e-01
    1565    1.756169e+00    3.679445e-01    5.515151e-01
    1566    1.769773e+00    3.639364e-01    5.457778e-01
    1567    1.783482e+00    3.599353e-01    5.400502e-01
    1568    1.797297e+00    3.559416e-01    5.343294e-01
    1569    1.811219e+00    3.519557e-01    5.286179e-01
    1570    1.825249e+00    3.479781e-01    5.229162e-01
    1571    1.839388e+00    3.440092e-01    5.172258e-01
    1572    1.853636e+00    3.400496e-01    5.115444e-01
    1573    1.867995e+00    3.360996e-01    5.058776e-01
    1574    1.882464e+00    3.321596e-01    5.002176e-01
    1575    1.897046e+00    3.282302e-01    4.945726e-01
    1576    1.911741e+00    3.243118e-01    4.889397e-01
    1577    1.926550e+00    3.204048e-01    4.833215e-01
    1578    1.941473e+00    3.165096e-01    4.777166e-01
    1579    1.956512e+00    3.126268e-01    4.721275e-01
    1580    1.971668e+00    3.087567e-01    4.665529e-01
    1581    1.986941e+00    3.048997e-01    4.609945e-01
    1582    2.002332e+00    3.010564e-01    4.554530e-01
    1583    2.017842e+00    2.972272e-01    4.499278e-01
    1584    2.033473e+00    2.934124e-01    4.444255e-01
    1585    2.049224e+00    2.896125e-01    4.389329e-01
    1586    2.065098e+00    2.858280e-01    4.334625e-01
    1587    2.081095e+00    2.820593e-01    4.280197e-01
    1588    2.097215e+00    2.783067e-01    4.225821e-01
    1589    2.113461e+00    2.745708e-01    4.171731e-01
    1590    2.129832e+00    2.708519e-01    4.117848e-01
    1591    2.146330e+00    2.671504e-01    4.064198e-01
    1592    2.162956e+00    2.634668e-01    4.010720e-01
    1593    2.179710e+00    2.598014e-01    3.957526e-01
    1594    2.196595e+00    2.561547e-01    3.904569e-01
    1595    2.213610e+00    2.525271e-01    3.851816e-01
    1596    2.230757e+00    2.489189e-01    3.799327e-01
    1597    2.248037e+00    2.453306e-01    3.747067e-01
    1598    2.265451e+00    2.417625e-01    3.695091e-01
    1599    2.282999e+00    2.382150e-01    3.643396e-01
    1600    2.300684e+00    2.346885e-01    3.591943e-01
    1601    2.318505e+00    2.311834e-01    3.540759e-01
    1602    2.336465e+00    2.277000e-01    3.489872e-01
    1603    2.354564e+00    2.242387e-01    3.439224e-01
    1604    2.372802e+00    2.207999e-01    3.388926e-01
    1605    2.391183e+00    2.173839e-01    3.338912e-01
    1606    2.409705e+00    2.139910e-01    3.289183e-01
    1607    2.428371e+00    2.106217e-01    3.239766e-01
    1608    2.447182e+00    2.072762e-01    3.190642e-01
    1609    2.466138e+00    2.039548e-01    3.141849e-01
    1610    2.485241e+00    2.006579e-01    3.093352e-01
    1611    2.504492e+00    1.973859e-01    3.045215e-01
    1612    2.523893e+00    1.941389e-01    2.997393e-01
    1613    2.543443e+00    1.909174e-01    2.949908e-01
    1614    2.563145e+00    1.877215e-01    2.902749e-01
    1615    2.583000e+00    1.845517e-01    2.855961e-01
    1616    2.603008e+00    1.814082e-01    2.809495e-01
    1617    2.623171e+00    1.782912e-01    2.763384e-01
    1618    2.643491e+00    1.752010e-01    2.717653e-01
    1619    2.663968e+00    1.721380e-01    2.672250e-01
    1620    2.684603e+00    1.691023e-01    2.627221e-01
    1621    2.705399e+00    1.660942e-01    2.582561e-01
    1622    2.726355e+00    1.631139e-01    2.538281e-01
    1623    2.747474e+00    1.601617e-01    2.494374e-01
    1624    2.768757e+00    1.572378e-01    2.450863e-01
    1625    2.790204e+00    1.543424e-01    2.407707e-01
    1626    2.811817e+00    1.514756e-01    2.364951e-01
    1627    2.833598e+00    1.486378e-01    2.322588e-01
    1628    2.855548e+00    1.458291e-01    2.280617e-01
    1629    2.877667e+00    1.430497e-01    2.239050e-01
    1630    2.899958e+00    1.402997e-01    2.197871e-01
    1631    2.922422e+00    1.375793e-01    2.157113e-01
    1632    2.945059e+00    1.348887e-01    2.116733e-01
    1633    2.967872e+00    1.322280e-01    2.076788e-01
    1634    2.990862e+00    1.295974e-01    2.037253e-01
    1635    3.014030e+00    1.269970e-01    1.998105e-01
    1636    3.037377e+00    1.244268e-01    1.959424e-01
    1637    3.060905e+00    1.218871e-01    1.921136e-01
    1638    3.084615e+00    1.193779e-01    1.883257e-01
    1639    3.108509e+00    1.168993e-01    1.845808e-01
    1640    3.132589e+00    1.144514e-01    1.808793e-01
    1641    3.156854e+00    1.120343e-01    1.772171e-01
    1642    3.181308e+00    1.096480e-01    1.736033e-01
    1643    3.205951e+00    1.072927e-01    1.700301e-01
    1644    3.230785e+00    1.049682e-01    1.664996e-01
    1645    3.255811e+00    1.026748e-01    1.630137e-01
    1646    3.281031e+00    1.004123e-01    1.595694e-01
    1647    3.306446e+00    9.818094e-02    1.561696e-01
    1648    3.332059e+00    9.598058e-02    1.528140e-01
    1649    3.357869e+00    9.381126e-02    1.495017e-01
    1650    3.383880e+00    9.167298e-02    1.462330e-01
    1651    3.410092e+00    8.956571e-02    1.430083e-01
    1652    3.436507e+00    8.748944e-02    1.398274e-01
    1653    3.463127e+00    8.544414e-02    1.366905e-01
    1654    3.489953e+00    8.342974e-02    1.335977e-01
    1655    3.516987e+00    8.144621e-02    1.305485e-01
    1656    3.544230e+00    7.949348e-02    1.275433e-01
    1657    3.571684e+00    7.757149e-02    1.245819e-01
    1658    3.599351e+00    7.568014e-02    1.216649e-01
    1659    3.627233e+00    7.381936e-02    1.187917e-01
    1660    3.655330e+00    7.198904e-02    1.159623e-01
    1661    3.683645e+00    7.018908e-02    1.131762e-01
    1662    3.712179e+00    6.841937e-02    1.104343e-01
    1663    3.740934e+00    6.667978e-02    1.077352e-01
    1664    3.769912e+00    6.497018e-02    1.050799e-01
    1665    3.799114e+00    6.329044e-02    1.024677e-01
    1666    3.828543e+00    6.164041e-02    9.989914e-02
    1667    3.858200e+00    6.001993e-02    9.737295e-02
    1668    3.888086e+00    5.842884e-02    9.489001e-02
    1669    3.918204e+00    5.686696e-02    9.245101e-02
    1670    3.948555e+00    5.533413e-02    9.005166e-02
    1671    3.979141e+00    5.383015e-02    8.769602e-02
    1672    4.009964e+00    5.235483e-02    8.538250e-02
    1673    4.041026e+00    5.090798e-02    8.311119e-02
    1674    4.072329e+00    4.948938e-02    8.088086e-02
    1675    4.103874e+00    4.809882e-02    7.869217e-02
    1676    4.135663e+00    4.673607e-02    7.654477e-02
    1677    4.167699e+00    4.540092e-02    7.443800e-02
    1678    4.199982e+00    4.409313e-02    7.237195e-02
    1679    4.232516e+00    4.281245e-02    7.034628e-02
    1680    4.265302e+00    4.155865e-02    6.836053e-02
    1681    4.298342e+00    4.033146e-02    6.641461e-02
    1682    4.331637e+00    3.913064e-02    6.450787e-02
    1683    4.365191e+00    3.795591e-02    6.264139e-02
    1684    4.399005e+00    3.680701e-02    6.081160e-02
    1685    4.433080e+00    3.568367e-02    5.902116e-02
    1686    4.467420e+00    3.458561e-02    5.726896e-02
    1687    4.502025e+00    3.351254e-02    5.555414e-02
    1688    4.536898e+00    3.246417e-02    5.387822e-02
    1689    4.572042e+00    3.144021e-02    5.223627e-02
    1690    4.607458e+00    3.044038e-02    5.063244e-02
    1691    4.643148e+00    2.946435e-02    4.906485e-02
    1692    4.679115e+00    2.851184e-02    4.753291e-02
    1693    4.715360e+00    2.758253e-02    4.603629e-02
    1694    4.751886e+00    2.667612e-02    4.457386e-02
    1695    4.788695e+00    2.579228e-02    4.314754e-02
    1696    4.825789e+00    2.493071e-02    4.175457e-02
    1697    4.863171e+00    2.409107e-02    4.039470e-02
    1698    4.900842e+00    2.327306e-02    3.906913e-02
    1699    4.938804e+00    2.247633e-02    3.777585e-02
    1700    4.977061e+00    2.170058e-02    3.651482e-02
    1701    5.015615e+00    2.094546e-02    3.528560e-02
    1702    5.054466e+00    2.021066e-02    3.408823e-02
    1703    5.093619e+00    1.949583e-02    3.292162e-02
    1704    5.133075e+00    1.880065e-02    3.178551e-02
    1705    5.172837e+00    1.812477e-02    3.067949e-02
    1706    5.212907e+00    1.746787e-02    2.960301e-02
    1707    5.253287e+00    1.682962e-02    2.855630e-02
    1708    5.293980e+00    1.620967e-02    2.753698e-02
    1709    5.334988e+00    1.560769e-02    2.654644e-02
    1710    5.376314e+00    1.502334e-02    2.558342e-02
    1711    5.417960e+00    1.445629e-02    2.464791e-02
    1712    5.459928e+00    1.390620e-02    2.373908e-02
    1713    5.502222e+00    1.337275e-02    2.285646e-02
    1714    5.544843e+00    1.285558e-02    2.199956e-02
    1715    5.587794e+00    1.235438e-02    2.116801e-02
    1716    5.631078e+00    1.186881e-02    2.036119e-02
    1717    5.674698e+00    1.139855e-02    1.957860e-02
    1718    5.718655e+00    1.094325e-02    1.882014e-02
    1719    5.762953e+00    1.050259e-02    1.808510e-02
    1720    5.807593e+00    1.007626e-02    1.737266e-02
    1721    5.852580e+00    9.663922e-03    1.668285e-02
    1722    5.897915e+00    9.265258e-03    1.601464e-02
    1723    5.943601e+00    8.879951e-03    1.536764e-02
    1724    5.989642e+00    8.507684e-03    1.474240e-02
    1725    6.036039e+00    8.148144e-03    1.413736e-02
    1726    6.082795e+00    7.801019e-03    1.355237e-02
    1727    6.129913e+00    7.466002e-03    1.298672e-02
    1728    6.177397e+00    7.142789e-03    1.244037e-02
    1729    6.225248e+00    6.831076e-03    1.191288e-02
    1730    6.273470e+00    6.530567e-03    1.140360e-02
    1731    6.322065e+00    6.240967e-03    1.091216e-02
    1732    6.371037e+00    5.961983e-03    1.043794e-02
    1733    6.420388e+00    5.693328e-03    9.980534e-03
    1734    6.470122e+00    5.434719e-03    9.539641e-03
    1735    6.520240e+00    5.185875e-03    9.115073e-03
    1736    6.570747e+00    4.946520e-03    8.705479e-03
    1737    6.621646e+00    4.716382e-03    8.311324e-03
    1738    6.672938e+00    4.495193e-03    7.932056e-03
    1739    6.724628e+00    4.282688e-03    7.567085e-03
    1740    6.776718e+00    4.078609e-03    7.216065e-03
    1741    6.829212e+00    3.882700e-03    6.878597e-03
    1742    6.882112e+00    3.694710e-03    6.554279e-03
    1743    6.935422e+00    3.514393e-03    6.242756e-03
    1744    6.989145e+00    3.341506e-03    5.943612e-03
    1745    7.043284e+00    3.175812e-03    5.656488e-03
    1746    7.097843e+00    3.017077e-03    5.381005e-03
    1747    7.152824e+00    2.865075e-03    5.116815e-03
    1748    7.208231e+00    2.719580e-03    4.863577e-03
    1749    7.264067e+00    2.580374e-03    4.620868e-03
    1750    7.320336e+00    2.447243e-03    4.388473e-03
    1751    7.377041e+00    2.319975e-03    4.165898e-03
    1752    7.434185e+00    2.198367e-03    3.952932e-03
    1753    7.491771e+00    2.082218e-03    3.749273e-03
    1754    7.549804e+00    1.971332e-03    3.554445e-03
    1755    7.608286e+00    1.865518e-03    3.368293e-03
    1756    7.667221e+00    1.764589e-03    3.190456e-03
    1757    7.726613e+00    1.668364e-03    3.020665e-03
    1758    7.786464e+00    1.576665e-03    2.858612e-03
    1759    7.846780e+00    1.489320e-03    2.704001e-03
    1760    7.907562e+00    1.406161e-03    2.556579e-03
    1761    7.968816e+00    1.327025e-03    2.416074e-03
    1762    8.030544e+00    1.251751e-03    2.282221e-03
    1763    8.092750e+00    1.180186e-03    2.154765e-03
    1764    8.155438e+00    1.112180e-03    2.033460e-03
    1765    8.218611e+00    1.047587e-03    1.918069e-03
    1766    8.282274e+00    9.862657e-04    1.808344e-03
    1767    8.346430e+00    9.280785e-04    1.704068e-03
    1768    8.411083e+00    8.728929e-04    1.605018e-03
    1769    8.476237e+00    8.205799e-04    1.510977e-03
    1770    8.541895e+00    7.710151e-04    1.421737e-03
    1771    8.608062e+00    7.240778e-04    1.337096e-03
    1772    8.674742e+00    6.796514e-04    1.256857e-03
    1773    8.741938e+00    6.376232e-04    1.180829e-03
    1774    8.809654e+00    5.978844e-04    1.108803e-03
    1775    8.877896e+00    5.603297e-04    1.040633e-03
    1776    8.946665e+00    5.248579e-04    9.762101e-04
    1777    9.015968e+00    4.913712e-04    9.152505e-04
    1778    9.085807e+00    4.597754e-04    8.576418e-04
    1779    9.156187e+00    4.299797e-04    8.032292e-04
    1780    9.227113e+00    4.018969e-04    7.518636e-04
    1781    9.298588e+00    3.754429e-04    7.034005e-04
    1782    9.370616e+00    3.505371e-04    6.577007e-04
    1783    9.443203e+00    3.271017e-04    6.146284e-04
    1784    9.516352e+00    3.050624e-04    5.740596e-04
    1785    9.590067e+00    2.843476e-04    5.358671e-04
    1786    9.664353e+00    2.648889e-04    4.999326e-04
    1787    9.739215e+00    2.466204e-04    4.661425e-04
    1788    9.814657e+00    2.294794e-04    4.344133e-04
    1789    9.890683e+00    2.134056e-04    4.045734e-04
    1790    9.967298e+00    1.983413e-04    3.765612e-04
    1791    1.004451e+01    1.842315e-04    3.502944e-04
    1792    1.012231e+01    1.710236e-04    3.256665e-04
    1793    1.020072e+01    1.586674e-04    3.025897e-04
    1794    1.027974e+01    1.471149e-04    2.809789e-04
    1795    1.035937e+01    1.363204e-04    2.607533e-04
    1796    1.043961e+01    1.262404e-04    2.418356e-04
    1797    1.052048e+01    1.168334e-04    2.241506e-04
    1798    1.060197e+01    1.080599e-04    2.076328e-04
    1799    1.068410e+01    9.988248e-05    1.922109e-04
    1800    1.076686e+01    9.226538e-05    1.778215e-04
    1801    1.085026e+01    8.517475e-05    1.644050e-04
    1802    1.093431e+01    7.857846e-05    1.518864e-04
    1803    1.101901e+01    7.244601e-05    1.402621e-04
    1804    1.110436e+01    6.674851e-05    1.294200e-04
    1805    1.119038e+01    6.145860e-05    1.193534e-04
    1806    1.127706e+01    5.655036e-05    1.099898e-04
    1807    1.136442e+01    5.199931e-05    1.012933e-04
    1808    1.145245e+01    4.778229e-05    9.322186e-05
    1809    1.154116e+01    4.387744e-05    8.573544e-05
    1810    1.163056e+01    4.026412e-05    7.879878e-05
    1811    1.172065e+01    3.692286e-05    7.236932e-05
    1812    1.181144e+01    3.383534e-05    6.642049e-05
    1813    1.190294e+01    3.098427e-05    6.091796e-05
    1814    1.199514e+01    2.835341e-05    5.583204e-05
    1815    1.208806e+01    2.592747e-05    5.113447e-05
    1816    1.218169e+01    2.369209e-05    4.679865e-05
    1817    1.227605e+01    2.163380e-05    4.279967e-05
    1818    1.237115e+01    1.973993e-05    3.911396e-05
    1819    1.246698e+01    1.799864e-05    3.571952e-05
    1820    1.256355e+01    1.639881e-05    3.259562e-05
    1821    1.266087e+01    1.493004e-05    2.972281e-05
    1822    1.275894e+01    1.358261e-05    2.708293e-05
    1823    1.285777e+01    1.234743e-05    2.465886e-05
    1824    1.295737e+01    1.121601e-05    2.243470e-05
    1825    1.305774e+01    1.018043e-05    2.039551e-05
    1826    1.315889e+01    9.233311e-06    1.852734e-05
    1827    1.326082e+01    8.367761e-06    1.681721e-05
    1828    1.336354e+01    7.577381e-06    1.525294e-05
    1829    1.346706e+01    6.856215e-06    1.382322e-05
    1830    1.357138e+01    6.198725e-06    1.251754e-05
    1831    1.367650e+01    5.599773e-06    1.132609e-05
    1832    1.378244e+01    5.054587e-06    1.023975e-05
    1833    1.388920e+01    4.558747e-06    9.250056e-06
    1834    1.399679e+01    4.108158e-06    8.349156e-06
    1835    1.410521e+01    3.699029e-06    7.529734e-06
    1836    1.421448e+01    3.327856e-06    6.785073e-06
    1837    1.432458e+01    2.991402e-06    6.108917e-06
    1838    1.443554e+01    2.686677e-06    5.495473e-06
    1839    1.454736e+01    2.410925e-06    4.939406e-06
    1840    1.466005e+01    2.161607e-06    4.435798e-06
    1841    1.477361e+01    1.936384e-06    3.980050e-06
    1842    1.488805e+01    1.733107e-06    3.568016e-06
    1843    1.500337e+01    1.549797e-06    3.195815e-06
    1844    1.511959e+01    1.384642e-06    2.859900e-06
    1845    1.523671e+01    1.235976e-06    2.557002e-06
    1846    1.535474e+01    1.102273e-06    2.284119e-06
    1847    1.547368e+01    9.821378e-07    2.038504e-06
    1848    1.559354e+01    8.742916e-07    1.817632e-06
    1849    1.571433e+01    7.775671e-07    1.619195e-06
    1850    1.583606e+01    6.908980e-07    1.441080e-06
    1851    1.595873e+01    6.133119e-07    1.281355e-06
    1852    1.608235e+01    5.439225e-07    1.138254e-06
    1853    1.620692e+01    4.819229e-07    1.010172e-06
    1854    1.633246e+01    4.265795e-07    8.956419e-07
    1855    1.645898e+01    3.772253e-07    7.933282e-07
    1856    1.658647e+01    3.332552e-07    7.024339e-07
    1857    1.671495e+01    2.941202e-07    6.206050e-07
    1858    1.684443e+01    2.593233e-07    5.480910e-07
    1859    1.697491e+01    2.284144e-07    4.835665e-07
    1860    1.710640e+01    2.009866e-07    4.262086e-07
    1861    1.723891e+01    1.766727e-07    3.752735e-07
    1862    1.737245e+01    1.551410e-07    3.300879e-07
    1863    1.750702e+01    1.360929e-07    2.900441e-07
    1864    1.764263e+01    1.192593e-07    2.545936e-07
    1865    1.777929e+01    1.043984e-07    2.232421e-07
    1866    1.791701e+01    9.129277e-08    1.955452e-07
    1867    1.805580e+01    7.974738e-08    1.711026e-07
    1868    1.819567e+01    6.958735e-08    1.495550e-07
    1869    1.833661e+01    6.065610e-08    1.305799e-07
    1870    1.847865e+01    5.281354e-08    1.138883e-07
    1871    1.862179e+01    4.593450e-08    9.922158e-08
    1872    1.876604e+01    3.990727e-08    8.634820e-08
    1873    1.891140e+01    3.463223e-08    7.506495e-08
    1874    1.905790e+01    3.002069e-08    6.517683e-08
    1875    1.920552e+01    2.599374e-08    5.652991e-08
    1876    1.935429e+01    2.248128e-08    4.897433e-08
    1877    1.950421e+01    1.942109e-08    4.237996e-08
    1878    1.965530e+01    1.675801e-08    3.663100e-08
    1879    1.980755e+01    1.444322e-08    3.162504e-08
    1880    1.996098e+01    1.243351e-08    2.727110e-08
    1881    2.011560e+01    1.069076e-08    2.348874e-08
    1882    2.027142e+01    9.181285e-09    2.020685e-08
    1883    2.042845e+01    7.875445e-09    1.736260e-08
    1884    2.058669e+01    6.747131e-09    1.490062e-08
    1885    2.074616e+01    5.773399e-09    1.277213e-08
    1886    2.090686e+01    4.934104e-09    1.093420e-08
    1887    2.106881e+01    4.211580e-09    9.349155e-09
    1888    2.123201e+01    3.590357e-09    7.983883e-09
    1889    2.139648e+01    3.056905e-09    6.809404e-09
    1890    2.156222e+01    2.599404e-09    5.800322e-09
    1891    2.172925e+01    2.207540e-09    4.934450e-09
    1892    2.189756e+01    1.872329e-09    4.192425e-09
    1893    2.206719e+01    1.585953e-09    3.557355e-09
    1894    2.223812e+01    1.341617e-09    3.014533e-09
    1895    2.241038e+01    1.133423e-09    2.551173e-09
    1896    2.258398e+01    9.562625e-10    2.156162e-09
    1897    2.275892e+01    8.057100e-10    1.819871e-09
    1898    2.293521e+01    6.779419e-10    1.533956e-09
    1899    2.311287e+01    5.696575e-10    1.291201e-09
    1900    2.329191e+01    4.780113e-10    1.085372e-09
    1901    2.347233e+01    4.005538e-10    9.110926e-10
    1902    2.365415e+01    3.351793e-10    7.637319e-10
    1903    2.383738e+01    2.800803e-10    6.393076e-10
    1904    2.402203e+01    2.337072e-10    5.343962e-10
    1905    2.420811e+01    1.947337e-10    4.460645e-10
    1906    2.439563e+01    1.620260e-10    3.717982e-10
    1907    2.458460e+01    1.346165e-10    3.094482e-10
    1908    2.477504e+01    1.116803e-10    2.571781e-10
    1909    2.496695e+01    9.251559e-11    2.134228e-10
    1910    2.516035e+01    7.652586e-11    1.768496e-10
    1911    2.535525e+01    6.320502e-11    1.463249e-10
    1912    2.555165e+01    5.212424e-11    1.208866e-10
    1913    2.574958e+01    4.292081e-11    9.971920e-11
    1914    2.594904e+01    3.528831e-11    8.213252e-11
    1915    2.615005e+01    2.896832e-11    6.754327e-11
    1916    2.635261e+01    2.374325e-11    5.545930e-11
    1917    2.655674e+01    1.943015e-11    4.546598e-11
    1918    2.676246e+01    1.587545e-11    3.721462e-11
    1919    2.696976e+01    1.295044e-11    3.041236e-11
    1920    2.717868e+01    1.054742e-11    2.481365e-11
    1921    2.738921e+01    8.576412e-12    2.021297e-11
    1922    2.760137e+01    6.962374e-12    1.643852e-11
    1923    2.781518e+01    5.642816e-12    1.334697e-11
    1924    2.803064e+01    4.565788e-12    1.081894e-11
    1925    2.824777e+01    3.688173e-12    8.755154e-12
    1926    2.846658e+01    2.974214e-12    7.073168e-12
    1927    2.868709e+01    2.394431e-12    5.704665e-12
    1928    2.890930e+01    1.924382e-12    4.593100e-12
    1929    2.913324e+01    1.543950e-12    3.691780e-12
    1930    2.935891e+01    1.236580e-12    2.962196e-12
    1931    2.958633e+01    9.886729e-13    2.372653e-12
    1932    2.981551e+01    7.890754e-13    1.897104e-12
    1933    3.004647e+01    6.286573e-13    1.514182e-12
    1934    3.027921e+01    4.999574e-13    1.206397e-12
    1935    3.051376e+01    3.968894e-13    9.594463e-13
    1936    3.075013e+01    3.144978e-13    7.616635e-13
    1937    3.098832e+01    2.487545e-13    6.035494e-13
    1938    3.122836e+01    1.963919e-13    4.773780e-13
    1939    3.147026e+01    1.547637e-13    3.768827e-13
    1940    3.171404e+01    1.217311e-13    2.969867e-13
    1941    3.195970e+01    9.556840e-14    2.335876e-13
    1942    3.220727e+01    7.488608e-14    1.833739e-13
    1943    3.245675e+01    5.856736e-14    1.436792e-13
    1944    3.270816e+01    4.571633e-14    1.123603e-13
    1945    3.296153e+01    3.561572e-14    8.769751e-14
    1946    3.321685e+01    2.769238e-14    6.831420e-14
    1947    3.347416e+01    2.148921e-14    5.311010e-14
    1948    3.373345e+01    1.664238e-14    4.120780e-14
    1949    3.399476e+01    1.286289e-14    3.190884e-14
    1950    3.425809e+01    9.921633e-15    2.465841e-14
    1951    3.452346e+01    7.637344e-15    1.901667e-14
    1952    3.479088e+01    5.866908e-15    1.463568e-14
    1953    3.506038e+01    4.497561e-15    1.124070e-14
    1954    3.533196e+01    3.440635e-15    8.615265e-15
    1955    3.560565e+01    2.626559e-15    6.589182e-15
    1956    3.588146e+01    2.000854e-15    5.028929e-15
    1957    3.615940e+01    1.520954e-15    3.829953e-15
    1958    3.643950e+01    1.153672e-15    2.910566e-15
    1959    3.672177e+01    8.731859e-16    2.207094e-15
    1960    3.700622e+01    6.594502e-16    1.669999e-15
    1961    3.729288e+01    4.969364e-16    1.260829e-15
    1962    3.758176e+01    3.736420e-16    9.498022e-16
    1963    3.787287e+01    2.803104e-16    7.139039e-16
    1964    3.816624e+01    2.098185e-16    5.353877e-16
    1965    3.846188e+01    1.566974e-16    4.005998e-16
    1966    3.875982e+01    1.167578e-16    2.990619e-16
    1967    3.906006e+01    8.679765e-17    2.227456e-16
    1968    3.936262e+01    6.437548e-17    1.655192e-16
    1969    3.966753e+01    4.763383e-17    1.227072e-16
    1970    3.997480e+01    3.516295e-17    9.075408e-17
    1971    4.028446e+01    2.589535e-17    6.696189e-17
    1972    4.059651e+01    1.902466e-17    4.928860e-17
    1973    4.091097e+01    1.394321e-17    3.619205e-17
    1974    4.122788e+01    1.019415e-17    2.651050e-17
    1975    4.154724e+01    7.434874e-18    1.937091e-17
    1976    4.186907e+01    5.409066e-18    1.411883e-17
    1977    4.219340e+01    3.925443e-18    1.026482e-17
    1978    4.252023e+01    2.841610e-18    7.443779e-18
    1979    4.284960e+01    2.051828e-18    5.384035e-18
    1980    4.318152e+01    1.477781e-18    3.884710e-18
    1981    4.351601e+01    1.061604e-18    2.794260e-18
    1982    4.385310e+01    7.606599e-19    2.004715e-18
    1983    4.419279e+01    5.436067e-19    1.434129e-18
    1984    4.453512e+01    3.874687e-19    1.022858e-18
    1985    4.488009e+01    2.754465e-19    7.272006e-19
    1986    4.522774e+01    1.952890e-19    5.152193e-19
    1987    4.557809e+01    1.380858e-19    3.636393e-19
    1988    4.593114e+01    9.737381e-20    2.555421e-19
    1989    4.628693e+01    6.847750e-20    1.786634e-19
    1990    4.664548e+01    4.802386e-20    1.241371e-19
    1991    4.700680e+01    3.358617e-20    8.557085e-20
    1992    4.737093e+01    2.342333e-20    5.836883e-20
    1993    4.773787e+01    1.628967e-20    3.923619e-20
    1994    4.810766e+01    1.129644e-20    2.581714e-20
    1995    4.848031e+01    7.811378e-21    1.643222e-20
    1996    4.885584e+01    5.385924e-21    9.887463e-21
    1997    4.923429e+01    3.702796e-21    5.336538e-21
    1998    4.961567e+01    2.538205e-21    2.181244e-21
    1999    5.000000e+01    1.734766e-21    0.000000e+00
